workoutActivityType,creation_datetime,start_datetime,end_datetime,duration,durationUnit
HKWorkoutActivityTypeRunning,2019-06-10 06:46:26-06:00,2019-06-10 05:57:37-06:00,2019-06-10 06:46:11-06:00,48.56454418500265,min
HKWorkoutActivityTypeRunning,2019-06-11 06:32:34-06:00,2019-06-11 05:58:59-06:00,2019-06-11 06:32:25-06:00,33.4358901321888,min
HKWorkoutActivityTypeRunning,2019-06-12 06:35:28-06:00,2019-06-12 05:53:26-06:00,2019-06-12 06:35:17-06:00,31.11612709959348,min
HKWorkoutActivityTypeRunning,2019-06-13 06:40:16-06:00,2019-06-13 05:54:03-06:00,2019-06-13 06:40:04-06:00,46.02148304979006,min
HKWorkoutActivityTypeCycling,2019-06-14 13:56:26-06:00,2019-06-14 10:00:41-06:00,2019-06-14 13:56:10-06:00,60.73160946567853,min
HKWorkoutActivityTypeCycling,2019-06-14 16:15:17-06:00,2019-06-14 14:59:12-06:00,2019-06-14 16:15:02-06:00,54.48655288418134,min
HKWorkoutActivityTypeRunning,2019-06-17 06:22:45-06:00,2019-06-17 05:52:28-06:00,2019-06-17 06:22:33-06:00,30.07026429971059,min
HKWorkoutActivityTypeRunning,2019-06-18 06:19:34-06:00,2019-06-18 05:50:34-06:00,2019-06-18 06:19:22-06:00,28.56845334569613,min
HKWorkoutActivityTypeRunning,2019-06-19 05:58:28-06:00,2019-06-19 05:45:47-06:00,2019-06-19 05:58:23-06:00,9.169211723407109,min
HKWorkoutActivityTypeRunning,2019-06-19 06:28:30-06:00,2019-06-19 06:00:06-06:00,2019-06-19 06:28:21-06:00,28.24580209851265,min
HKWorkoutActivityTypeRunning,2019-06-20 06:21:20-06:00,2019-06-20 05:41:28-06:00,2019-06-20 06:21:04-06:00,39.5948514342308,min
HKWorkoutActivityTypeRunning,2019-06-20 18:24:43-06:00,2019-06-20 17:59:54-06:00,2019-06-20 18:24:15-06:00,20.32355735103289,min
HKWorkoutActivityTypeRunning,2019-06-20 18:33:03-06:00,2019-06-20 18:24:29-06:00,2019-06-20 18:32:57-06:00,8.462719517946244,min
HKWorkoutActivityTypeRunning,2019-06-24 06:33:17-06:00,2019-06-24 05:57:10-06:00,2019-06-24 06:33:05-06:00,35.92354711691539,min
HKWorkoutActivityTypeRunning,2019-06-25 06:31:57-06:00,2019-06-25 05:52:34-06:00,2019-06-25 06:31:45-06:00,39.18391533295313,min
HKWorkoutActivityTypeRunning,2019-06-26 06:11:39-06:00,2019-06-26 05:52:19-06:00,2019-06-26 06:11:27-06:00,18.50304815173149,min
HKWorkoutActivityTypeRunning,2019-06-26 06:32:38-06:00,2019-06-26 06:13:22-06:00,2019-06-26 06:32:29-06:00,9.853529016176859,min
HKWorkoutActivityTypeRunning,2019-06-26 07:01:52-06:00,2019-06-26 06:33:38-06:00,2019-06-26 07:01:37-06:00,27.99057438373566,min
HKWorkoutActivityTypeWalking,2019-06-26 17:48:47-06:00,2019-06-26 17:19:10-06:00,2019-06-26 17:48:29-06:00,29.31641253431638,min
HKWorkoutActivityTypeRunning,2019-06-27 06:43:07-06:00,2019-06-27 06:02:34-06:00,2019-06-27 06:42:45-06:00,40.00591929952304,min
HKWorkoutActivityTypeRunning,2019-06-29 07:10:03-06:00,2019-06-29 06:25:34-06:00,2019-06-29 07:09:46-06:00,44.19019006490707,min
HKWorkoutActivityTypeRunning,2019-07-12 15:24:04-06:00,2019-07-12 14:48:28-06:00,2019-07-12 15:23:46-06:00,25.49092933734258,min
HKWorkoutActivityTypeRunning,2019-07-15 06:48:28-06:00,2019-07-15 06:03:20-06:00,2019-07-15 06:48:14-06:00,42.65731141765912,min
HKWorkoutActivityTypeRunning,2019-07-16 06:33:01-06:00,2019-07-16 05:54:15-06:00,2019-07-16 06:32:51-06:00,38.20074044068654,min
HKWorkoutActivityTypeRunning,2019-07-17 06:01:46-06:00,2019-07-17 05:48:54-06:00,2019-07-17 06:01:42-06:00,10.85589873592059,min
HKWorkoutActivityTypeRunning,2019-07-17 06:34:37-06:00,2019-07-17 06:02:05-06:00,2019-07-17 06:34:30-06:00,12.00201660792033,min
HKWorkoutActivityTypeRunning,2019-07-18 06:12:16-06:00,2019-07-18 05:47:09-06:00,2019-07-18 06:12:06-06:00,24.88212545116743,min
HKWorkoutActivityTypeRunning,2019-07-21 15:54:46-06:00,2019-07-21 15:21:05-06:00,2019-07-21 15:54:28-06:00,28.54470083912214,min
HKWorkoutActivityTypeRunning,2019-07-22 06:22:38-06:00,2019-07-22 05:52:16-06:00,2019-07-22 06:22:24-06:00,28.4822020471096,min
HKWorkoutActivityTypeRunning,2019-07-23 06:29:02-06:00,2019-07-23 05:51:48-06:00,2019-07-23 06:28:51-06:00,36.12724482814471,min
HKWorkoutActivityTypeRunning,2019-07-24 06:43:43-06:00,2019-07-24 05:55:46-06:00,2019-07-24 06:43:21-06:00,46.4879779835542,min
HKWorkoutActivityTypeRunning,2019-07-25 05:52:32-06:00,2019-07-25 05:44:06-06:00,2019-07-25 05:52:27-06:00,8.354264982541402,min
HKWorkoutActivityTypeRunning,2019-07-25 07:04:36-06:00,2019-07-25 06:56:03-06:00,2019-07-25 07:04:31-06:00,7.699676150083542,min
HKWorkoutActivityTypeRunning,2019-07-26 06:51:48-06:00,2019-07-26 05:42:48-06:00,2019-07-26 06:51:05-06:00,68.28167128364245,min
HKWorkoutActivityTypeRunning,2019-07-28 07:12:06-06:00,2019-07-28 06:24:52-06:00,2019-07-28 07:11:53-06:00,47.00664625565211,min
HKWorkoutActivityTypeRunning,2019-08-06 06:19:17-06:00,2019-08-06 05:39:29-06:00,2019-08-06 06:18:45-06:00,37.76843416690826,min
HKWorkoutActivityTypeRunning,2019-08-08 06:31:58-06:00,2019-08-08 05:44:19-06:00,2019-08-08 06:31:42-06:00,47.06451644102732,min
HKWorkoutActivityTypeRunning,2019-08-12 15:02:48-06:00,2019-08-12 14:40:42-06:00,2019-08-12 15:02:41-06:00,20.60599383314451,min
HKWorkoutActivityTypeRunning,2019-08-13 14:33:06-06:00,2019-08-13 14:06:20-06:00,2019-08-13 14:32:58-06:00,13.31698541243871,min
HKWorkoutActivityTypeRunning,2019-08-13 14:45:49-06:00,2019-08-13 14:33:26-06:00,2019-08-13 14:45:44-06:00,11.83479510744413,min
HKWorkoutActivityTypeRunning,2019-08-13 15:16:30-06:00,2019-08-13 14:59:34-06:00,2019-08-13 15:16:24-06:00,16.07665564020475,min
HKWorkoutActivityTypeRunning,2019-08-14 14:40:04-06:00,2019-08-14 14:09:19-06:00,2019-08-14 14:39:55-06:00,28.23119363188744,min
HKWorkoutActivityTypeRunning,2019-08-15 14:23:20-06:00,2019-08-15 14:01:46-06:00,2019-08-15 14:23:13-06:00,20.96875543395678,min
HKWorkoutActivityTypeRunning,2019-08-15 14:50:38-06:00,2019-08-15 14:38:50-06:00,2019-08-15 14:50:33-06:00,11.70606764356295,min
HKWorkoutActivityTypeRunning,2019-08-15 15:25:44-06:00,2019-08-15 14:55:56-06:00,2019-08-15 15:25:33-06:00,29.62017526825269,min
HKWorkoutActivityTypeRunning,2019-08-16 14:44:47-06:00,2019-08-16 14:02:31-06:00,2019-08-16 14:44:36-06:00,38.39913485050202,min
HKWorkoutActivityTypeRunning,2019-08-17 07:43:23-06:00,2019-08-17 07:22:42-06:00,2019-08-17 07:43:15-06:00,18.32384180227915,min
HKWorkoutActivityTypeRunning,2019-08-18 14:50:21-06:00,2019-08-18 14:18:53-06:00,2019-08-18 14:50:01-06:00,31.08955458402634,min
HKWorkoutActivityTypeRunning,2019-08-19 14:54:50-06:00,2019-08-19 14:10:34-06:00,2019-08-19 14:54:27-06:00,41.36855919162432,min
HKWorkoutActivityTypeRunning,2019-08-20 14:15:52-06:00,2019-08-20 14:00:52-06:00,2019-08-20 14:15:39-06:00,14.73818204204241,min
HKWorkoutActivityTypeCycling,2019-08-21 14:25:56-06:00,2019-08-21 14:10:27-06:00,2019-08-21 14:25:52-06:00,15.40496728221575,min
HKWorkoutActivityTypeRunning,2019-08-21 14:41:52-06:00,2019-08-21 14:26:17-06:00,2019-08-21 14:41:44-06:00,15.38933059771856,min
HKWorkoutActivityTypeRunning,2019-08-22 14:23:31-06:00,2019-08-22 14:01:44-06:00,2019-08-22 14:23:22-06:00,19.99349732796351,min
HKWorkoutActivityTypeRunning,2019-08-22 15:15:17-06:00,2019-08-22 14:54:59-06:00,2019-08-22 15:15:09-06:00,17.42148853341739,min
HKWorkoutActivityTypeRunning,2019-08-23 16:41:45-06:00,2019-08-23 16:16:08-06:00,2019-08-23 16:41:33-06:00,24.96572950482368,min
HKWorkoutActivityTypeRunning,2019-08-23 17:25:29-06:00,2019-08-23 17:07:28-06:00,2019-08-23 17:25:19-06:00,17.75782082279523,min
HKWorkoutActivityTypeRunning,2019-08-24 13:28:09-06:00,2019-08-24 13:17:30-06:00,2019-08-24 13:28:03-06:00,7.473506110906601,min
HKWorkoutActivityTypeRunning,2019-08-26 14:44:00-06:00,2019-08-26 14:05:38-06:00,2019-08-26 14:43:44-06:00,29.69008114735285,min
HKWorkoutActivityTypeElliptical,2019-08-27 09:24:13-06:00,2019-08-27 09:18:16-06:00,2019-08-27 09:24:11-06:00,5.915936382611592,min
HKWorkoutActivityTypeRunning,2019-08-27 14:17:25-06:00,2019-08-27 13:55:22-06:00,2019-08-27 14:17:18-06:00,21.10790059566498,min
HKWorkoutActivityTypeRunning,2019-08-27 15:28:46-06:00,2019-08-27 15:15:53-06:00,2019-08-27 15:28:37-06:00,11.94204427798589,min
HKWorkoutActivityTypeRunning,2019-08-28 14:34:22-06:00,2019-08-28 14:03:09-06:00,2019-08-28 14:34:11-06:00,30.16128242611885,min
HKWorkoutActivityTypeRunning,2019-08-30 05:23:23-06:00,2019-08-30 05:02:29-06:00,2019-08-30 05:23:12-06:00,20.07366833885511,min
HKWorkoutActivityTypeRunning,2019-08-31 07:34:54-06:00,2019-08-31 07:19:35-06:00,2019-08-31 07:34:47-06:00,15.19057218233744,min
HKWorkoutActivityTypeRunning,2019-08-31 07:52:33-06:00,2019-08-31 07:46:19-06:00,2019-08-31 07:52:28-06:00,6.152524117628733,min
HKWorkoutActivityTypeRunning,2019-08-31 07:58:55-06:00,2019-08-31 07:53:48-06:00,2019-08-31 07:58:47-06:00,4.553566173712412,min
HKWorkoutActivityTypeRunning,2019-08-31 08:02:20-06:00,2019-08-31 07:58:47-06:00,2019-08-31 08:02:15-06:00,2.077609074115753,min
HKWorkoutActivityTypeRunning,2019-08-31 08:08:30-06:00,2019-08-31 08:02:16-06:00,2019-08-31 08:08:27-06:00,4.544566591580709,min
HKWorkoutActivityTypeRunning,2019-08-31 08:12:17-06:00,2019-08-31 08:08:55-06:00,2019-08-31 08:12:14-06:00,1.998647421598434,min
HKWorkoutActivityTypeRunning,2019-08-31 08:18:23-06:00,2019-08-31 08:12:27-06:00,2019-08-31 08:18:20-06:00,4.206269454956055,min
HKWorkoutActivityTypeRunning,2019-09-02 08:13:21-06:00,2019-09-02 07:33:05-06:00,2019-09-02 08:13:09-06:00,38.22522046764691,min
HKWorkoutActivityTypeRunning,2019-09-03 15:19:45-06:00,2019-09-03 15:07:31-06:00,2019-09-03 15:19:26-06:00,11.84036221901576,min
HKWorkoutActivityTypeRunning,2019-09-03 16:36:46-06:00,2019-09-03 15:59:09-06:00,2019-09-03 16:36:40-06:00,14.36864276528359,min
HKWorkoutActivityTypeRunning,2019-09-04 14:59:52-06:00,2019-09-04 14:18:11-06:00,2019-09-04 14:59:39-06:00,40.57475099563599,min
HKWorkoutActivityTypeRunning,2019-09-05 14:20:34-06:00,2019-09-05 13:59:42-06:00,2019-09-05 14:20:26-06:00,19.72023432850838,min
HKWorkoutActivityTypeRunning,2019-09-05 14:44:02-06:00,2019-09-05 14:28:52-06:00,2019-09-05 14:43:57-06:00,14.44989335934321,min
HKWorkoutActivityTypeRunning,2019-09-05 15:15:53-06:00,2019-09-05 14:53:45-06:00,2019-09-05 15:15:45-06:00,21.86366033156713,min
HKWorkoutActivityTypeRunning,2019-09-06 13:18:55-06:00,2019-09-06 13:15:16-06:00,2019-09-06 13:18:48-06:00,3.416917049884796,min
HKWorkoutActivityTypeRunning,2019-09-06 13:49:01-06:00,2019-09-06 13:18:48-06:00,2019-09-06 13:48:46-06:00,28.79013946652412,min
HKWorkoutActivityTypeRunning,2019-09-07 08:29:10-06:00,2019-09-07 08:06:25-06:00,2019-09-07 08:29:04-06:00,11.10456289847692,min
HKWorkoutActivityTypeRunning,2019-09-07 09:26:43-06:00,2019-09-07 08:55:01-06:00,2019-09-07 09:26:35-06:00,23.84297921260198,min
HKWorkoutActivityTypeRunning,2019-09-09 14:53:11-06:00,2019-09-09 14:05:16-06:00,2019-09-09 14:52:58-06:00,46.65819867650668,min
HKWorkoutActivityTypeRunning,2019-09-10 10:31:28-06:00,2019-09-10 09:19:48-06:00,2019-09-10 10:31:17-06:00,25.48616229097048,min
HKWorkoutActivityTypeRunning,2019-09-10 14:15:10-06:00,2019-09-10 14:00:42-06:00,2019-09-10 14:15:03-06:00,14.21344592769941,min
HKWorkoutActivityTypeRunning,2019-09-10 14:37:46-06:00,2019-09-10 14:30:45-06:00,2019-09-10 14:37:40-06:00,3.984128892421722,min
HKWorkoutActivityTypeRunning,2019-09-10 14:41:42-06:00,2019-09-10 14:37:52-06:00,2019-09-10 14:41:38-06:00,3.707320948441823,min
HKWorkoutActivityTypeRunning,2019-09-10 14:50:38-06:00,2019-09-10 14:44:29-06:00,2019-09-10 14:50:35-06:00,3.764899599552154,min
HKWorkoutActivityTypeRunning,2019-09-10 14:57:46-06:00,2019-09-10 14:51:36-06:00,2019-09-10 14:57:41-06:00,3.776598167419434,min
HKWorkoutActivityTypeRunning,2019-09-10 15:59:31-06:00,2019-09-10 14:58:02-06:00,2019-09-10 15:59:23-06:00,3.825327644745509,min
HKWorkoutActivityTypeRunning,2019-09-11 14:54:53-06:00,2019-09-11 14:13:33-06:00,2019-09-11 14:54:40-06:00,31.14880996346474,min
HKWorkoutActivityTypeRunning,2019-09-12 14:18:03-06:00,2019-09-12 13:58:39-06:00,2019-09-12 14:17:56-06:00,17.56890118122101,min
HKWorkoutActivityTypeRunning,2019-09-12 14:40:07-06:00,2019-09-12 14:31:13-06:00,2019-09-12 14:40:03-06:00,7.630275497833888,min
HKWorkoutActivityTypeRunning,2019-09-12 15:46:20-06:00,2019-09-12 15:30:02-06:00,2019-09-12 15:46:12-06:00,15.78216734925906,min
HKWorkoutActivityTypeRunning,2019-09-13 14:49:40-06:00,2019-09-13 14:09:19-06:00,2019-09-13 14:49:28-06:00,38.31178446412086,min
HKWorkoutActivityTypeRunning,2019-09-14 05:55:52-06:00,2019-09-14 05:48:42-06:00,2019-09-14 05:55:47-06:00,6.867311008771261,min
HKWorkoutActivityTypeRunning,2019-09-14 12:41:26-06:00,2019-09-14 09:24:10-06:00,2019-09-14 12:41:08-06:00,14.34888216853142,min
HKWorkoutActivityTypeRunning,2019-09-16 15:03:08-06:00,2019-09-16 14:03:12-06:00,2019-09-16 15:02:54-06:00,47.53620558778445,min
HKWorkoutActivityTypeRunning,2019-09-17 14:25:38-06:00,2019-09-17 14:03:25-06:00,2019-09-17 14:25:20-06:00,7.951194443305334,min
HKWorkoutActivityTypeRunning,2019-09-17 14:35:09-06:00,2019-09-17 14:25:20-06:00,2019-09-17 14:34:59-06:00,6.390185117721558,min
HKWorkoutActivityTypeRunning,2019-09-17 14:46:35-06:00,2019-09-17 14:34:59-06:00,2019-09-17 14:46:19-06:00,6.793140463034312,min
HKWorkoutActivityTypeRunning,2019-09-17 14:51:18-06:00,2019-09-17 14:46:19-06:00,2019-09-17 14:51:11-06:00,4.440428350369135,min
HKWorkoutActivityTypeRunning,2019-09-17 15:03:28-06:00,2019-09-17 14:51:11-06:00,2019-09-17 15:03:19-06:00,4.495749906698863,min
HKWorkoutActivityTypeRunning,2019-09-17 15:18:26-06:00,2019-09-17 15:03:19-06:00,2019-09-17 15:18:07-06:00,4.191124729315439,min
HKWorkoutActivityTypeRunning,2019-09-17 15:58:37-06:00,2019-09-17 15:18:07-06:00,2019-09-17 15:58:31-06:00,9.000370033582051,min
HKWorkoutActivityTypeRunning,2019-09-18 14:36:45-06:00,2019-09-18 14:03:14-06:00,2019-09-18 14:36:37-06:00,29.15555043419202,min
HKWorkoutActivityTypeRunning,2019-09-19 14:15:23-06:00,2019-09-19 13:41:41-06:00,2019-09-19 14:15:06-06:00,19.55699590841929,min
HKWorkoutActivityTypeRunning,2019-09-19 14:33:33-06:00,2019-09-19 14:15:06-06:00,2019-09-19 14:33:23-06:00,7.841450085242589,min
HKWorkoutActivityTypeRunning,2019-09-19 14:57:17-06:00,2019-09-19 14:33:23-06:00,2019-09-19 14:57:09-06:00,22.44973933299383,min
HKWorkoutActivityTypeRunning,2019-09-20 14:47:23-06:00,2019-09-20 13:52:08-06:00,2019-09-20 14:47:03-06:00,35.13211733897527,min
HKWorkoutActivityTypeRunning,2019-09-21 07:11:21-06:00,2019-09-21 06:30:02-06:00,2019-09-21 07:10:56-06:00,37.08911940058072,min
HKWorkoutActivityTypeRunning,2019-09-23 15:27:06-06:00,2019-09-23 14:08:50-06:00,2019-09-23 15:26:52-06:00,47.31791149576505,min
HKWorkoutActivityTypeElliptical,2019-09-24 09:40:24-06:00,2019-09-24 09:22:10-06:00,2019-09-24 09:40:18-06:00,18.13238338828087,min
HKWorkoutActivityTypeRunning,2019-09-24 14:16:56-06:00,2019-09-24 13:59:47-06:00,2019-09-24 14:16:38-06:00,14.07163681586584,min
HKWorkoutActivityTypeRunning,2019-09-24 14:36:58-06:00,2019-09-24 14:16:38-06:00,2019-09-24 14:36:41-06:00,4.81610951423645,min
HKWorkoutActivityTypeRunning,2019-09-24 14:45:27-06:00,2019-09-24 14:36:41-06:00,2019-09-24 14:45:12-06:00,4.682062562306722,min
HKWorkoutActivityTypeRunning,2019-09-24 14:54:23-06:00,2019-09-24 14:45:12-06:00,2019-09-24 14:54:06-06:00,4.731705985466639,min
HKWorkoutActivityTypeRunning,2019-09-24 15:11:42-06:00,2019-09-24 14:54:06-06:00,2019-09-24 15:11:30-06:00,4.750745666027069,min
HKWorkoutActivityTypeRunning,2019-09-24 15:23:51-06:00,2019-09-24 15:11:31-06:00,2019-09-24 15:23:44-06:00,8.168551361560821,min
HKWorkoutActivityTypeRunning,2019-09-25 14:42:53-06:00,2019-09-25 14:03:19-06:00,2019-09-25 14:42:29-06:00,36.74930673440297,min
HKWorkoutActivityTypeRunning,2019-09-26 14:15:25-06:00,2019-09-26 14:00:39-06:00,2019-09-26 14:15:08-06:00,14.2577357172966,min
HKWorkoutActivityTypeRunning,2019-09-26 14:31:22-06:00,2019-09-26 14:15:08-06:00,2019-09-26 14:31:11-06:00,1.762221843004227,min
HKWorkoutActivityTypeRunning,2019-09-26 14:34:45-06:00,2019-09-26 14:31:11-06:00,2019-09-26 14:34:36-06:00,1.941593152284622,min
HKWorkoutActivityTypeRunning,2019-09-26 14:38:03-06:00,2019-09-26 14:34:37-06:00,2019-09-26 14:37:51-06:00,1.713097602128983,min
HKWorkoutActivityTypeRunning,2019-09-26 14:41:55-06:00,2019-09-26 14:37:51-06:00,2019-09-26 14:41:46-06:00,1.84177006483078,min
HKWorkoutActivityTypeRunning,2019-09-26 14:45:30-06:00,2019-09-26 14:41:46-06:00,2019-09-26 14:45:22-06:00,1.751472649971644,min
HKWorkoutActivityTypeRunning,2019-09-26 14:49:21-06:00,2019-09-26 14:45:22-06:00,2019-09-26 14:49:12-06:00,2.352908356984456,min
HKWorkoutActivityTypeRunning,2019-09-26 14:52:53-06:00,2019-09-26 14:49:12-06:00,2019-09-26 14:52:40-06:00,1.687064152956009,min
HKWorkoutActivityTypeRunning,2019-09-26 15:05:58-06:00,2019-09-26 14:52:40-06:00,2019-09-26 15:05:47-06:00,1.738767166932424,min
HKWorkoutActivityTypeRunning,2019-09-26 15:20:53-06:00,2019-09-26 15:05:47-06:00,2019-09-26 15:20:42-06:00,14.14593639771144,min
HKWorkoutActivityTypeRunning,2019-09-27 14:42:09-06:00,2019-09-27 13:55:45-06:00,2019-09-27 14:42:01-06:00,30.20520680149396,min
HKWorkoutActivityTypeRunning,2019-09-28 06:54:16-06:00,2019-09-28 06:23:27-06:00,2019-09-28 06:54:04-06:00,11.81414418419202,min
HKWorkoutActivityTypeRunning,2019-09-28 07:33:12-06:00,2019-09-28 06:54:04-06:00,2019-09-28 07:32:59-06:00,14.47977748711904,min
HKWorkoutActivityTypeRunning,2019-09-28 07:49:43-06:00,2019-09-28 07:32:59-06:00,2019-09-28 07:49:38-06:00,15.02454596161842,min
HKWorkoutActivityTypeRunning,2019-09-30 15:11:14-06:00,2019-09-30 14:04:33-06:00,2019-09-30 15:10:58-06:00,44.6112453242143,min
HKWorkoutActivityTypeRunning,2019-10-01 14:28:22-06:00,2019-10-01 14:02:10-06:00,2019-10-01 14:28:09-06:00,14.30806155006091,min
HKWorkoutActivityTypeRunning,2019-10-01 14:40:12-06:00,2019-10-01 14:28:09-06:00,2019-10-01 14:40:02-06:00,6.134251129627228,min
HKWorkoutActivityTypeRunning,2019-10-01 14:53:02-06:00,2019-10-01 14:40:02-06:00,2019-10-01 14:52:54-06:00,6.0405965924263,min
HKWorkoutActivityTypeRunning,2019-10-01 16:02:20-06:00,2019-10-01 14:52:54-06:00,2019-10-01 16:02:13-06:00,3.893504138787587,min
HKWorkoutActivityTypeRunning,2019-10-02 15:00:08-06:00,2019-10-02 14:12:04-06:00,2019-10-02 14:59:57-06:00,28.94559807578723,min
HKWorkoutActivityTypeRunning,2019-10-03 14:27:45-06:00,2019-10-03 13:57:29-06:00,2019-10-03 14:27:23-06:00,17.99827523430189,min
HKWorkoutActivityTypeRunning,2019-10-03 14:44:21-06:00,2019-10-03 14:27:23-06:00,2019-10-03 14:44:08-06:00,12.78679911494255,min
HKWorkoutActivityTypeRunning,2019-10-03 15:06:03-06:00,2019-10-03 14:44:08-06:00,2019-10-03 15:05:55-06:00,19.48873073259989,min
HKWorkoutActivityTypeRunning,2019-10-04 15:02:10-06:00,2019-10-04 14:05:51-06:00,2019-10-04 15:01:57-06:00,35.03467533985773,min
HKWorkoutActivityTypeRunning,2019-10-05 06:05:55-06:00,2019-10-05 05:55:40-06:00,2019-10-05 06:05:51-06:00,9.28792453010877,min
HKWorkoutActivityTypeRunning,2019-10-05 09:16:29-06:00,2019-10-05 08:32:43-06:00,2019-10-05 09:16:19-06:00,13.85215226809184,min
HKWorkoutActivityTypeRunning,2019-10-05 10:05:59-06:00,2019-10-05 09:16:41-06:00,2019-10-05 10:05:49-06:00,21.21865182121595,min
HKWorkoutActivityTypeRunning,2019-10-06 07:31:33-06:00,2019-10-05 10:12:19-06:00,2019-10-06 07:31:03-06:00,8.896070114771526,min
HKWorkoutActivityTypeRunning,2019-10-07 14:53:56-06:00,2019-10-07 14:08:02-06:00,2019-10-07 14:53:47-06:00,35.99896593292554,min
HKWorkoutActivityTypeRunning,2019-10-08 14:26:57-06:00,2019-10-08 14:05:46-06:00,2019-10-08 14:26:43-06:00,13.26348068316778,min
HKWorkoutActivityTypeRunning,2019-10-08 14:41:02-06:00,2019-10-08 14:26:43-06:00,2019-10-08 14:40:44-06:00,3.878194850683212,min
HKWorkoutActivityTypeRunning,2019-10-08 14:47:57-06:00,2019-10-08 14:40:45-06:00,2019-10-08 14:47:45-06:00,3.81593102812767,min
HKWorkoutActivityTypeRunning,2019-10-08 14:56:19-06:00,2019-10-08 14:47:45-06:00,2019-10-08 14:56:10-06:00,3.746693964799245,min
HKWorkoutActivityTypeRunning,2019-10-08 15:04:27-06:00,2019-10-08 14:56:10-06:00,2019-10-08 15:04:18-06:00,3.700317740440369,min
HKWorkoutActivityTypeRunning,2019-10-08 15:12:18-06:00,2019-10-08 15:04:19-06:00,2019-10-08 15:12:15-06:00,3.28495197892189,min
HKWorkoutActivityTypeRunning,2019-10-09 14:34:33-06:00,2019-10-09 14:01:35-06:00,2019-10-09 14:34:12-06:00,29.31101235747337,min
HKWorkoutActivityTypeRunning,2019-10-10 14:11:46-06:00,2019-10-10 13:56:30-06:00,2019-10-10 14:11:37-06:00,10.65534640351931,min
HKWorkoutActivityTypeRunning,2019-10-10 14:33:42-06:00,2019-10-10 14:11:37-06:00,2019-10-10 14:33:31-06:00,3.956845049063365,min
HKWorkoutActivityTypeRunning,2019-10-10 14:51:26-06:00,2019-10-10 14:33:31-06:00,2019-10-10 14:51:19-06:00,16.24613174200058,min
HKWorkoutActivityTypeRunning,2019-10-11 05:28:37-06:00,2019-10-11 05:05:17-06:00,2019-10-11 05:28:18-06:00,21.85625153382619,min
HKWorkoutActivityTypeRunning,2019-10-15 05:19:17-06:00,2019-10-14 07:15:21-06:00,2019-10-15 05:19:05-06:00,30.09191405177116,min
HKWorkoutActivityTypeRunning,2019-10-15 14:32:39-06:00,2019-10-15 14:08:58-06:00,2019-10-15 14:32:23-06:00,13.43825126687686,min
HKWorkoutActivityTypeRunning,2019-10-15 14:38:16-06:00,2019-10-15 14:32:24-06:00,2019-10-15 14:38:08-06:00,2.78593206803004,min
HKWorkoutActivityTypeRunning,2019-10-15 14:44:02-06:00,2019-10-15 14:38:08-06:00,2019-10-15 14:43:56-06:00,1.720685400565465,min
HKWorkoutActivityTypeRunning,2019-10-15 14:55:37-06:00,2019-10-15 14:43:56-06:00,2019-10-15 14:55:26-06:00,3.175379153092702,min
HKWorkoutActivityTypeRunning,2019-10-15 15:01:34-06:00,2019-10-15 14:55:27-06:00,2019-10-15 15:01:26-06:00,1.707012633482615,min
HKWorkoutActivityTypeRunning,2019-10-15 15:05:29-06:00,2019-10-15 15:01:26-06:00,2019-10-15 15:05:23-06:00,1.734028247992198,min
HKWorkoutActivityTypeRunning,2019-10-15 15:16:57-06:00,2019-10-15 15:05:23-06:00,2019-10-15 15:16:53-06:00,8.218864903847377,min
HKWorkoutActivityTypeRunning,2019-10-17 14:30:07-06:00,2019-10-17 13:59:40-06:00,2019-10-17 14:29:46-06:00,18.68284348050753,min
HKWorkoutActivityTypeRunning,2019-10-17 14:38:04-06:00,2019-10-17 14:29:46-06:00,2019-10-17 14:37:53-06:00,6.167822311321895,min
HKWorkoutActivityTypeRunning,2019-10-17 14:57:51-06:00,2019-10-17 14:37:53-06:00,2019-10-17 14:57:41-06:00,19.13220993081729,min
HKWorkoutActivityTypeRunning,2019-10-18 14:39:58-06:00,2019-10-18 14:03:33-06:00,2019-10-18 14:39:21-06:00,34.62040372888247,min
HKWorkoutActivityTypeRunning,2019-10-19 05:51:53-06:00,2019-10-19 05:40:31-06:00,2019-10-19 05:51:49-06:00,10.73110959927241,min
HKWorkoutActivityTypeRunning,2019-10-19 07:56:19-06:00,2019-10-19 07:01:22-06:00,2019-10-19 07:56:12-06:00,14.91184296806653,min
HKWorkoutActivityTypeRunning,2019-10-19 08:35:33-06:00,2019-10-19 07:56:51-06:00,2019-10-19 08:35:24-06:00,20.55585254232089,min
HKWorkoutActivityTypeRunning,2019-10-19 08:42:46-06:00,2019-10-19 08:36:52-06:00,2019-10-19 08:42:35-06:00,5.49744345943133,min
HKWorkoutActivityTypeRunning,2019-10-21 14:47:35-06:00,2019-10-21 14:09:23-06:00,2019-10-21 14:47:16-06:00,35.48643939296404,min
HKWorkoutActivityTypeRunning,2019-10-22 16:50:49-06:00,2019-10-22 16:25:19-06:00,2019-10-22 16:50:44-06:00,14.78131579955419,min
HKWorkoutActivityTypeRunning,2019-10-22 17:31:19-06:00,2019-10-22 17:19:11-06:00,2019-10-22 17:31:15-06:00,6.186276483535766,min
HKWorkoutActivityTypeRunning,2019-10-24 05:20:07-06:00,2019-10-23 14:04:01-06:00,2019-10-24 05:19:50-06:00,24.20462227662404,min
HKWorkoutActivityTypeRunning,2019-10-24 14:36:09-06:00,2019-10-24 14:03:02-06:00,2019-10-24 14:35:54-06:00,31.67027857502302,min
HKWorkoutActivityTypeRunning,2019-10-25 14:58:41-06:00,2019-10-25 14:06:42-06:00,2019-10-25 14:58:29-06:00,32.02144094904263,min
HKWorkoutActivityTypeRunning,2019-10-28 15:10:16-06:00,2019-10-28 14:09:24-06:00,2019-10-28 15:09:51-06:00,39.6572141846021,min
HKWorkoutActivityTypeRunning,2019-10-29 14:37:51-06:00,2019-10-29 14:02:13-06:00,2019-10-29 14:37:40-06:00,23.3964104115963,min
HKWorkoutActivityTypeRunning,2019-10-30 14:41:33-06:00,2019-10-30 14:11:10-06:00,2019-10-30 14:41:21-06:00,29.27196434338888,min
HKWorkoutActivityTypeRunning,2019-11-05 15:37:54-06:00,2019-11-05 15:03:45-06:00,2019-11-05 15:37:43-06:00,29.63152775963147,min
HKWorkoutActivityTypeRunning,2019-11-06 15:32:13-06:00,2019-11-06 14:58:46-06:00,2019-11-06 15:32:05-06:00,28.85856027801832,min
HKWorkoutActivityTypeRunning,2019-11-07 15:49:59-06:00,2019-11-07 15:01:35-06:00,2019-11-07 15:49:46-06:00,34.82718901634216,min
HKWorkoutActivityTypeRunning,2019-11-23 15:17:22-06:00,2019-11-23 13:22:31-06:00,2019-11-23 15:17:07-06:00,32.42843898336093,min
HKWorkoutActivityTypeRunning,2019-11-28 10:24:28-06:00,2019-11-28 08:08:18-06:00,2019-11-28 10:24:13-06:00,32.31616574923198,min
HKWorkoutActivityTypeRunning,2019-12-02 15:33:36-06:00,2019-12-02 15:00:46-06:00,2019-12-02 15:33:27-06:00,27.09754309455554,min
HKWorkoutActivityTypeRunning,2019-12-03 15:39:11-06:00,2019-12-03 15:02:11-06:00,2019-12-03 15:39:00-06:00,34.24642694195111,min
HKWorkoutActivityTypeRunning,2019-12-05 15:34:25-06:00,2019-12-05 15:12:34-06:00,2019-12-05 15:34:16-06:00,17.38994117379189,min
HKWorkoutActivityTypeRunning,2019-12-09 15:40:46-06:00,2019-12-09 14:48:02-06:00,2019-12-09 15:40:36-06:00,36.92240278323492,min
HKWorkoutActivityTypeRunning,2019-12-10 16:31:43-06:00,2019-12-10 14:51:45-06:00,2019-12-10 15:40:24-06:00,30.89799480040868,min
HKWorkoutActivityTypeRunning,2019-12-11 15:59:14-06:00,2019-12-11 14:56:48-06:00,2019-12-11 15:59:05-06:00,30.53878561456998,min
HKWorkoutActivityTypeRunning,2019-12-12 15:42:39-06:00,2019-12-12 15:13:37-06:00,2019-12-12 15:42:29-06:00,21.12719108859698,min
HKWorkoutActivityTypeRunning,2019-12-13 15:37:33-06:00,2019-12-13 15:00:25-06:00,2019-12-13 15:37:25-06:00,19.22958162824313,min
HKWorkoutActivityTypeRunning,2019-12-16 15:51:15-06:00,2019-12-16 15:18:54-06:00,2019-12-16 15:51:08-06:00,25.07608187198639,min
HKWorkoutActivityTypeRunning,2019-12-17 15:14:42-06:00,2019-12-17 14:56:11-06:00,2019-12-17 15:14:21-06:00,11.40172249873479,min
HKWorkoutActivityTypeRunning,2019-12-17 15:30:55-06:00,2019-12-17 15:14:21-06:00,2019-12-17 15:30:48-06:00,15.25775611201922,min
HKWorkoutActivityTypeRunning,2019-12-17 15:53:27-06:00,2019-12-17 15:34:45-06:00,2019-12-17 15:53:05-06:00,10.35990047653516,min
HKWorkoutActivityTypeRunning,2019-12-18 14:21:43-06:00,2019-12-18 13:14:48-06:00,2019-12-18 14:21:29-06:00,49.53229265809059,min
HKWorkoutActivityTypeRunning,2019-12-20 10:40:46-06:00,2019-12-20 09:55:48-06:00,2019-12-20 10:40:35-06:00,32.97623679637909,min
HKWorkoutActivityTypeRunning,2019-12-20 13:57:07-06:00,2019-12-20 13:15:44-06:00,2019-12-20 13:56:56-06:00,32.16473347147306,min
HKWorkoutActivityTypeRunning,2019-12-21 08:37:28-06:00,2019-12-21 08:10:21-06:00,2019-12-21 08:37:21-06:00,20.16365010738373,min
HKWorkoutActivityTypeRunning,2019-12-23 08:53:46-06:00,2019-12-23 08:07:24-06:00,2019-12-23 08:53:35-06:00,32.64669959545135,min
HKWorkoutActivityTypeRunning,2019-12-24 08:41:58-06:00,2019-12-24 08:14:39-06:00,2019-12-24 08:41:45-06:00,25.69618824124336,min
HKWorkoutActivityTypeRunning,2019-12-26 08:32:19-06:00,2019-12-26 08:14:08-06:00,2019-12-26 08:32:18-06:00,15.54010922710101,min
HKWorkoutActivityTypeRunning,2019-12-26 08:51:06-06:00,2019-12-26 08:32:18-06:00,2019-12-26 08:51:06-06:00,7.845110813776652,min
HKWorkoutActivityTypeRunning,2019-12-27 08:56:04-06:00,2019-12-27 08:10:53-06:00,2019-12-27 08:56:03-06:00,41.660648026069,min
HKWorkoutActivityTypeRunning,2019-12-28 08:37:16-06:00,2019-12-28 08:12:12-06:00,2019-12-28 08:37:15-06:00,22.50937003294627,min
HKWorkoutActivityTypeRunning,2019-12-28 09:03:14-06:00,2019-12-28 08:37:28-06:00,2019-12-28 09:03:13-06:00,23.13644667466481,min
HKWorkoutActivityTypeRunning,2019-12-30 08:46:55-06:00,2019-12-30 08:08:51-06:00,2019-12-30 08:46:54-06:00,27.85120260715485,min
HKWorkoutActivityTypeRunning,2019-12-31 08:43:36-06:00,2019-12-31 08:09:52-06:00,2019-12-31 08:43:35-06:00,29.98319890697797,min
HKWorkoutActivityTypeWalking,2020-01-02 08:29:33-06:00,2020-01-02 08:12:37-06:00,2020-01-02 08:29:32-06:00,12.88196155031522,min
HKWorkoutActivityTypeRunning,2020-01-02 08:53:28-06:00,2020-01-02 08:29:32-06:00,2020-01-02 08:53:28-06:00,15.0494432648023,min
HKWorkoutActivityTypeRunning,2020-01-02 09:10:17-06:00,2020-01-02 08:53:28-06:00,2020-01-02 09:10:16-06:00,11.65024835864703,min
HKWorkoutActivityTypeWalking,2020-01-03 07:47:38-06:00,2020-01-03 07:43:16-06:00,2020-01-03 07:47:37-06:00,4.364923783143362,min
HKWorkoutActivityTypeRunning,2020-01-03 08:45:58-06:00,2020-01-03 08:10:27-06:00,2020-01-03 08:45:57-06:00,32.54976509014765,min
HKWorkoutActivityTypeRunning,2020-01-04 09:07:41-06:00,2020-01-04 08:10:07-06:00,2020-01-04 09:07:39-06:00,46.06307590206464,min
HKWorkoutActivityTypeRunning,2020-01-06 08:59:50-06:00,2020-01-06 08:12:35-06:00,2020-01-06 08:59:49-06:00,31.85898240009944,min
HKWorkoutActivityTypeRunning,2020-01-07 15:16:53-06:00,2020-01-07 15:02:20-06:00,2020-01-07 15:16:52-06:00,11.03174517353376,min
HKWorkoutActivityTypeRunning,2020-01-07 15:41:14-06:00,2020-01-07 15:16:52-06:00,2020-01-07 15:41:13-06:00,15.10285026033719,min
HKWorkoutActivityTypeRunning,2020-01-07 15:57:09-06:00,2020-01-07 15:41:13-06:00,2020-01-07 15:57:08-06:00,10.30519666473071,min
HKWorkoutActivityTypeRunning,2020-01-08 14:32:30-06:00,2020-01-08 13:56:54-06:00,2020-01-08 14:32:29-06:00,32.25597253441811,min
HKWorkoutActivityTypeRunning,2020-01-09 15:48:25-06:00,2020-01-09 15:18:29-06:00,2020-01-09 15:48:25-06:00,27.86405352155368,min
HKWorkoutActivityTypeRunning,2020-01-10 15:27:41-06:00,2020-01-10 14:51:05-06:00,2020-01-10 15:27:40-06:00,33.57431949973106,min
HKWorkoutActivityTypeRunning,2020-01-13 15:37:56-06:00,2020-01-13 14:46:40-06:00,2020-01-13 15:37:55-06:00,34.71261844833692,min
HKWorkoutActivityTypeRunning,2020-01-14 15:17:24-06:00,2020-01-14 14:56:32-06:00,2020-01-14 15:17:23-06:00,10.60458472569784,min
HKWorkoutActivityTypeRunning,2020-01-14 15:36:57-06:00,2020-01-14 15:17:23-06:00,2020-01-14 15:36:56-06:00,15.22130579352379,min
HKWorkoutActivityTypeRunning,2020-01-14 15:45:49-06:00,2020-01-14 15:36:57-06:00,2020-01-14 15:45:48-06:00,7.288710190852483,min
HKWorkoutActivityTypeRunning,2020-01-16 15:35:10-06:00,2020-01-16 15:12:49-06:00,2020-01-16 15:35:09-06:00,18.14312320550283,min
HKWorkoutActivityTypeRunning,2020-01-17 15:42:40-06:00,2020-01-17 14:49:06-06:00,2020-01-17 15:42:39-06:00,43.64583037296931,min
HKWorkoutActivityTypeRunning,2020-01-20 08:56:27-06:00,2020-01-20 08:09:37-06:00,2020-01-20 08:56:25-06:00,41.89889602462451,min
HKWorkoutActivityTypeRunning,2020-01-21 15:11:00-06:00,2020-01-21 14:51:45-06:00,2020-01-21 15:10:59-06:00,10.67255000869433,min
HKWorkoutActivityTypeRunning,2020-01-21 15:31:56-06:00,2020-01-21 15:10:59-06:00,2020-01-21 15:31:55-06:00,15.53081780870756,min
HKWorkoutActivityTypeRunning,2020-01-21 15:42:11-06:00,2020-01-21 15:31:56-06:00,2020-01-21 15:42:11-06:00,7.457728830973307,min
HKWorkoutActivityTypeRunning,2020-01-22 15:51:29-06:00,2020-01-22 15:11:54-06:00,2020-01-22 15:51:28-06:00,34.04923469225566,min
HKWorkoutActivityTypeRunning,2020-01-23 16:08:10-06:00,2020-01-23 15:11:49-06:00,2020-01-23 16:08:09-06:00,23.44743128418922,min
HKWorkoutActivityTypeRunning,2020-01-24 15:23:19-06:00,2020-01-24 14:45:39-06:00,2020-01-24 15:23:17-06:00,32.34230237603187,min
HKWorkoutActivityTypeRunning,2020-01-27 16:18:36-06:00,2020-01-27 15:30:10-06:00,2020-01-27 16:18:35-06:00,36.26083234349887,min
HKWorkoutActivityTypeRunning,2020-01-28 15:22:28-06:00,2020-01-28 15:03:02-06:00,2020-01-28 15:22:28-06:00,10.74744849403699,min
HKWorkoutActivityTypeRunning,2020-01-28 15:47:00-06:00,2020-01-28 15:22:28-06:00,2020-01-28 15:46:59-06:00,10.00989113648732,min
HKWorkoutActivityTypeRunning,2020-01-28 15:56:17-06:00,2020-01-28 15:46:59-06:00,2020-01-28 15:56:17-06:00,8.612014398972194,min
HKWorkoutActivityTypeRunning,2020-01-29 15:41:50-06:00,2020-01-29 15:19:59-06:00,2020-01-29 15:41:49-06:00,19.72464889089266,min
HKWorkoutActivityTypeRunning,2020-01-29 15:55:09-06:00,2020-01-29 15:41:55-06:00,2020-01-29 15:55:09-06:00,12.00737774173419,min
HKWorkoutActivityTypeRunning,2020-01-30 15:51:07-06:00,2020-01-30 15:20:43-06:00,2020-01-30 15:51:07-06:00,19.52435418963432,min
HKWorkoutActivityTypeRunning,2020-01-30 16:01:00-06:00,2020-01-30 15:51:07-06:00,2020-01-30 16:01:00-06:00,7.833389979600907,min
HKWorkoutActivityTypeRunning,2020-01-30 16:25:36-06:00,2020-01-30 16:01:00-06:00,2020-01-30 16:25:35-06:00,22.55541943510373,min
HKWorkoutActivityTypeRunning,2020-01-31 15:49:49-06:00,2020-01-31 15:15:08-06:00,2020-01-31 15:49:49-06:00,30.82412901918093,min
HKWorkoutActivityTypeRunning,2020-02-01 09:32:35-06:00,2020-02-01 08:32:07-06:00,2020-02-01 09:32:34-06:00,49.87518725792567,min
HKWorkoutActivityTypeRunning,2020-02-03 15:59:36-06:00,2020-02-03 15:14:00-06:00,2020-02-03 15:59:35-06:00,26.760745459795,min
HKWorkoutActivityTypeRunning,2020-02-04 15:34:54-06:00,2020-02-04 15:15:58-06:00,2020-02-04 15:34:53-06:00,11.00203686753909,min
HKWorkoutActivityTypeRunning,2020-02-04 16:01:24-06:00,2020-02-04 15:34:53-06:00,2020-02-04 16:01:23-06:00,15.04534974892934,min
HKWorkoutActivityTypeRunning,2020-02-05 15:59:22-06:00,2020-02-05 15:21:19-06:00,2020-02-05 15:59:20-06:00,27.1717940290769,min
HKWorkoutActivityTypeCycling,2020-02-06 16:07:17-06:00,2020-02-06 15:15:29-06:00,2020-02-06 16:07:16-06:00,50.12968070109685,min
HKWorkoutActivityTypeRunning,2020-02-07 15:22:18-06:00,2020-02-07 15:10:16-06:00,2020-02-07 15:22:18-06:00,11.70966494878133,min
HKWorkoutActivityTypeRunning,2020-02-07 16:08:49-06:00,2020-02-07 15:44:58-06:00,2020-02-07 16:08:49-06:00,6.26972318092982,min
HKWorkoutActivityTypeRunning,2020-02-07 16:36:24-06:00,2020-02-07 16:12:04-06:00,2020-02-07 16:36:24-06:00,18.96513077219327,min
HKWorkoutActivityTypeRunning,2020-02-08 09:17:10-06:00,2020-02-08 08:25:43-06:00,2020-02-08 09:17:09-06:00,31.55201440453529,min
HKWorkoutActivityTypeRunning,2020-02-10 15:42:21-06:00,2020-02-10 15:18:04-06:00,2020-02-10 15:42:21-06:00,11.01985373298327,min
HKWorkoutActivityTypeRunning,2020-02-10 15:54:37-06:00,2020-02-10 15:42:21-06:00,2020-02-10 15:54:37-06:00,8.462491623560588,min
HKWorkoutActivityTypeRunning,2020-02-10 16:15:54-06:00,2020-02-10 15:54:37-06:00,2020-02-10 16:15:53-06:00,10.52891006469727,min
HKWorkoutActivityTypeRunning,2020-02-12 18:38:38-06:00,2020-02-12 18:26:07-06:00,2020-02-12 18:38:37-06:00,6.268385871251424,min
HKWorkoutActivityTypeRunning,2020-02-13 15:35:59-06:00,2020-02-13 15:14:22-06:00,2020-02-13 15:35:58-06:00,19.20567566752434,min
HKWorkoutActivityTypeCycling,2020-02-13 15:46:01-06:00,2020-02-13 15:35:58-06:00,2020-02-13 15:46:01-06:00,10.04331656694412,min
HKWorkoutActivityTypeElliptical,2020-02-14 15:42:28-06:00,2020-02-14 15:10:37-06:00,2020-02-14 15:42:27-06:00,31.81118681629499,min
HKWorkoutActivityTypeRunning,2020-02-15 12:06:33-06:00,2020-02-15 11:32:37-06:00,2020-02-15 12:06:32-06:00,9.718879886468251,min
HKWorkoutActivityTypeRunning,2020-02-15 14:19:27-06:00,2020-02-15 13:38:08-06:00,2020-02-15 14:19:27-06:00,7.502604907751083,min
HKWorkoutActivityTypeRunning,2020-02-17 09:01:33-06:00,2020-02-17 08:11:54-06:00,2020-02-17 09:01:32-06:00,40.41109187404314,min
HKWorkoutActivityTypeCycling,2020-02-18 15:53:09-06:00,2020-02-18 15:07:50-06:00,2020-02-18 15:53:08-06:00,45.00715383291244,min
HKWorkoutActivityTypeRunning,2020-02-19 14:29:25-06:00,2020-02-19 13:51:16-06:00,2020-02-19 14:29:24-06:00,34.23045759797096,min
HKWorkoutActivityTypeCycling,2020-02-20 16:25:47-06:00,2020-02-20 15:22:16-06:00,2020-02-20 16:25:46-06:00,45.01235828399658,min
HKWorkoutActivityTypeCycling,2020-02-21 16:09:34-06:00,2020-02-21 15:02:02-06:00,2020-02-21 16:09:33-06:00,35.50663158496221,min
HKWorkoutActivityTypeElliptical,2020-02-22 08:49:44-06:00,2020-02-22 08:39:26-06:00,2020-02-22 08:49:43-06:00,7.831936500469843,min
HKWorkoutActivityTypeCycling,2020-02-22 09:11:57-06:00,2020-02-22 08:49:53-06:00,2020-02-22 09:11:56-06:00,22.03353910048803,min
HKWorkoutActivityTypeCycling,2020-02-24 15:37:17-06:00,2020-02-24 15:00:07-06:00,2020-02-24 15:37:17-06:00,35.02238273223241,min
HKWorkoutActivityTypeRunning,2020-02-25 15:13:06-06:00,2020-02-25 15:05:09-06:00,2020-02-25 15:13:05-06:00,7.49474433461825,min
HKWorkoutActivityTypeCycling,2020-02-25 15:48:24-06:00,2020-02-25 15:13:05-06:00,2020-02-25 15:48:24-06:00,35.01223164995511,min
HKWorkoutActivityTypeCycling,2020-02-26 15:55:14-06:00,2020-02-26 15:09:06-06:00,2020-02-26 15:55:13-06:00,33.90898181597392,min
HKWorkoutActivityTypeCycling,2020-02-27 16:02:16-06:00,2020-02-27 15:16:21-06:00,2020-02-27 16:02:15-06:00,45.02053043444951,min
HKWorkoutActivityTypeRunning,2020-02-28 15:25:31-06:00,2020-02-28 15:08:57-06:00,2020-02-28 15:25:30-06:00,15.48196738362312,min
HKWorkoutActivityTypeCycling,2020-02-28 15:41:28-06:00,2020-02-28 15:25:30-06:00,2020-02-28 15:41:28-06:00,15.81409889856974,min
HKWorkoutActivityTypeCycling,2020-03-05 15:48:24-06:00,2020-03-05 15:28:54-06:00,2020-03-05 15:48:23-06:00,19.44240689873696,min
HKWorkoutActivityTypeCycling,2020-03-07 09:15:06-06:00,2020-03-07 08:13:03-06:00,2020-03-07 09:15:05-06:00,61.046522184213,min
HKWorkoutActivityTypeCycling,2020-03-09 14:11:42-06:00,2020-03-09 14:01:21-06:00,2020-03-09 14:11:41-06:00,10.00525423288345,min
HKWorkoutActivityTypeCycling,2020-03-09 14:27:04-06:00,2020-03-09 14:11:42-06:00,2020-03-09 14:27:03-06:00,15.01823735038439,min
HKWorkoutActivityTypeCycling,2020-03-09 14:32:39-06:00,2020-03-09 14:27:03-06:00,2020-03-09 14:32:38-06:00,3.99759844938914,min
HKWorkoutActivityTypeCycling,2020-03-10 15:05:45-06:00,2020-03-10 14:15:42-06:00,2020-03-10 15:05:44-06:00,47.03679968516032,min
HKWorkoutActivityTypeCycling,2020-03-11 14:14:46-06:00,2020-03-11 13:56:57-06:00,2020-03-11 14:14:46-06:00,15.02349616686503,min
HKWorkoutActivityTypeCycling,2020-03-11 14:25:06-06:00,2020-03-11 14:14:46-06:00,2020-03-11 14:25:06-06:00,10.14807221690814,min
HKWorkoutActivityTypeCycling,2020-03-11 14:50:18-06:00,2020-03-11 14:25:06-06:00,2020-03-11 14:50:17-06:00,25.00841351548831,min
HKWorkoutActivityTypeCycling,2020-03-12 14:58:07-06:00,2020-03-12 14:09:07-06:00,2020-03-12 14:58:06-06:00,48.96589168508847,min
HKWorkoutActivityTypeCycling,2020-03-13 14:50:12-06:00,2020-03-13 14:04:09-06:00,2020-03-13 14:50:12-06:00,30.08421290119489,min
HKWorkoutActivityTypeCycling,2020-03-13 15:10:26-06:00,2020-03-13 14:55:23-06:00,2020-03-13 15:10:25-06:00,15.00669884880384,min
HKWorkoutActivityTypeCycling,2020-03-14 08:13:28-06:00,2020-03-14 07:07:08-06:00,2020-03-14 08:13:26-06:00,48.87544921636582,min
HKWorkoutActivityTypeElliptical,2020-03-16 08:06:40-06:00,2020-03-16 07:19:13-06:00,2020-03-16 08:06:39-06:00,30.13940016627312,min
HKWorkoutActivityTypeCycling,2020-03-17 07:11:06-06:00,2020-03-17 06:51:28-06:00,2020-03-17 07:11:05-06:00,17.37660911679268,min
HKWorkoutActivityTypeCycling,2020-03-17 07:23:01-06:00,2020-03-17 07:11:05-06:00,2020-03-17 07:23:00-06:00,10.16648723284404,min
HKWorkoutActivityTypeCycling,2020-03-17 07:39:20-06:00,2020-03-17 07:23:00-06:00,2020-03-17 07:39:19-06:00,9.339812167485555,min
HKWorkoutActivityTypeCycling,2020-03-17 07:59:00-06:00,2020-03-17 07:39:19-06:00,2020-03-17 07:58:59-06:00,19.18241158326467,min
HKWorkoutActivityTypeCycling,2020-03-18 07:54:40-06:00,2020-03-18 06:57:50-06:00,2020-03-18 07:54:38-06:00,42.5208530664444,min
HKWorkoutActivityTypeElliptical,2020-03-19 07:23:27-06:00,2020-03-19 06:52:44-06:00,2020-03-19 07:23:26-06:00,30.18347525000572,min
HKWorkoutActivityTypeCycling,2020-03-20 08:02:15-06:00,2020-03-20 07:19:05-06:00,2020-03-20 08:02:13-06:00,36.35476061701775,min
HKWorkoutActivityTypeCycling,2020-03-21 08:41:57-06:00,2020-03-21 07:15:16-06:00,2020-03-21 08:41:55-06:00,56.74281541506449,min
HKWorkoutActivityTypeCycling,2020-03-23 07:56:39-06:00,2020-03-23 07:13:48-06:00,2020-03-23 07:56:38-06:00,40.34024188518524,min
HKWorkoutActivityTypeElliptical,2020-03-24 07:28:05-06:00,2020-03-24 07:17:59-06:00,2020-03-24 07:28:04-06:00,10.03099833329519,min
HKWorkoutActivityTypeElliptical,2020-03-24 07:38:21-06:00,2020-03-24 07:28:05-06:00,2020-03-24 07:38:20-06:00,10.19980128208796,min
HKWorkoutActivityTypeElliptical,2020-03-24 08:33:01-06:00,2020-03-24 07:38:20-06:00,2020-03-24 08:33:01-06:00,12.05965988238652,min
HKWorkoutActivityTypeCycling,2020-03-25 07:52:26-06:00,2020-03-25 07:06:30-06:00,2020-03-25 07:52:25-06:00,35.78797928293546,min
HKWorkoutActivityTypeElliptical,2020-03-26 07:47:58-06:00,2020-03-26 07:36:30-06:00,2020-03-26 07:47:58-06:00,11.41433351635933,min
HKWorkoutActivityTypeElliptical,2020-03-26 07:58:39-06:00,2020-03-26 07:47:58-06:00,2020-03-26 07:58:38-06:00,10.62734600106875,min
HKWorkoutActivityTypeElliptical,2020-03-26 08:08:40-06:00,2020-03-26 07:58:38-06:00,2020-03-26 08:08:39-06:00,10.01545623342196,min
HKWorkoutActivityTypeRunning,2020-03-27 07:52:21-06:00,2020-03-27 07:32:56-06:00,2020-03-27 07:52:20-06:00,10.08928638895353,min
HKWorkoutActivityTypeRunning,2020-03-28 10:42:02-06:00,2020-03-28 10:18:17-06:00,2020-03-28 10:42:01-06:00,15.01289307673772,min
HKWorkoutActivityTypeElliptical,2020-03-29 02:05:43-06:00,2020-03-29 02:02:50-06:00,2020-03-29 02:05:43-06:00,2.878205500046412,min
HKWorkoutActivityTypeRunning,2020-03-30 07:45:37-06:00,2020-03-30 07:24:23-06:00,2020-03-30 07:45:36-06:00,18.69564400315285,min
HKWorkoutActivityTypeRunning,2020-03-31 09:29:06-06:00,2020-03-31 09:06:36-06:00,2020-03-31 09:29:05-06:00,20.01982508897781,min
HKWorkoutActivityTypeRunning,2020-04-01 09:32:12-06:00,2020-04-01 09:06:04-06:00,2020-04-01 09:32:10-06:00,20.01842765212059,min
HKWorkoutActivityTypeRunning,2020-04-02 09:49:56-06:00,2020-04-02 09:30:00-06:00,2020-04-02 09:49:55-06:00,17.05476456085841,min
HKWorkoutActivityTypeRunning,2020-04-03 09:30:57-06:00,2020-04-03 09:08:32-06:00,2020-04-03 09:30:56-06:00,17.70857165853182,min
HKWorkoutActivityTypeRunning,2020-04-04 09:11:41-06:00,2020-04-04 08:15:41-06:00,2020-04-04 09:11:40-06:00,35.22647760510445,min
HKWorkoutActivityTypeRunning,2020-04-06 07:40:26-06:00,2020-04-06 07:04:34-06:00,2020-04-06 07:40:25-06:00,29.74021586577097,min
HKWorkoutActivityTypeRunning,2020-04-07 07:32:29-06:00,2020-04-07 07:07:01-06:00,2020-04-07 07:32:29-06:00,25.0113174756368,min
HKWorkoutActivityTypeRunning,2020-04-08 07:27:11-06:00,2020-04-08 06:56:35-06:00,2020-04-08 07:27:11-06:00,28.1127676765124,min
HKWorkoutActivityTypeRunning,2020-04-09 07:56:31-06:00,2020-04-09 07:30:14-06:00,2020-04-09 07:56:31-06:00,20.03080279231072,min
HKWorkoutActivityTypeRunning,2020-04-10 09:27:11-06:00,2020-04-10 08:59:44-06:00,2020-04-10 09:27:10-06:00,21.64156641761462,min
HKWorkoutActivityTypeRunning,2020-04-11 08:50:07-06:00,2020-04-11 08:14:31-06:00,2020-04-11 08:50:06-06:00,34.59111093282699,min
HKWorkoutActivityTypeRunning,2020-04-13 07:37:36-06:00,2020-04-13 07:07:08-06:00,2020-04-13 07:37:35-06:00,29.04121489326159,min
HKWorkoutActivityTypeElliptical,2020-04-15 07:49:38-06:00,2020-04-15 07:07:00-06:00,2020-04-15 07:49:37-06:00,30.04140973289808,min
HKWorkoutActivityTypeElliptical,2020-04-16 07:50:01-06:00,2020-04-16 07:12:58-06:00,2020-04-16 07:50:00-06:00,30.01412750085195,min
HKWorkoutActivityTypeElliptical,2020-04-17 10:45:39-06:00,2020-04-17 10:15:35-06:00,2020-04-17 10:45:39-06:00,30.01383589903514,min
HKWorkoutActivityTypeRunning,2020-04-23 07:53:37-06:00,2020-04-23 07:15:53-06:00,2020-04-23 07:53:36-06:00,29.76973917086919,min
HKWorkoutActivityTypeRunning,2020-05-01 07:56:10-06:00,2020-05-01 07:16:11-06:00,2020-05-01 07:56:09-06:00,35.11833866238594,min
HKWorkoutActivityTypeRunning,2020-05-26 06:31:30-06:00,2020-05-26 05:36:56-06:00,2020-05-26 06:31:29-06:00,31.76066763003667,min
HKWorkoutActivityTypeRunning,2020-05-27 07:46:24-06:00,2020-05-27 07:10:33-06:00,2020-05-27 07:46:24-06:00,28.89494915405909,min
HKWorkoutActivityTypeRunning,2020-05-28 06:31:38-06:00,2020-05-28 05:50:35-06:00,2020-05-28 06:31:37-06:00,29.73697591821353,min
HKWorkoutActivityTypeRunning,2020-05-29 06:12:36-06:00,2020-05-29 05:39:47-06:00,2020-05-29 06:12:36-06:00,30.01049939393997,min
HKWorkoutActivityTypeRunning,2020-06-01 06:17:56-06:00,2020-06-01 05:44:29-06:00,2020-06-01 06:17:55-06:00,31.18544168074926,min
HKWorkoutActivityTypeRunning,2020-06-02 08:09:19-06:00,2020-06-02 07:48:48-06:00,2020-06-02 08:09:18-06:00,19.37424648205439,min
HKWorkoutActivityTypeRunning,2020-06-03 05:49:39-06:00,2020-06-03 05:28:00-06:00,2020-06-03 05:49:39-06:00,20.5142391482989,min
HKWorkoutActivityTypeRunning,2020-06-04 06:26:45-06:00,2020-06-04 05:40:45-06:00,2020-06-04 06:26:44-06:00,26.27137823700905,min
HKWorkoutActivityTypeRunning,2020-06-05 06:04:56-06:00,2020-06-05 05:38:05-06:00,2020-06-05 06:04:55-06:00,26.53434661428134,min
HKWorkoutActivityTypeRunning,2020-06-08 06:22:56-06:00,2020-06-08 05:46:30-06:00,2020-06-08 06:22:55-06:00,33.83306450843811,min
HKWorkoutActivityTypeRunning,2020-06-09 06:36:23-06:00,2020-06-09 05:45:46-06:00,2020-06-09 06:36:22-06:00,33.40248657663663,min
HKWorkoutActivityTypeRunning,2020-06-10 06:24:52-06:00,2020-06-10 05:44:57-06:00,2020-06-10 06:24:51-06:00,30.12046543757121,min
HKWorkoutActivityTypeRunning,2020-06-11 06:24:27-06:00,2020-06-11 05:48:02-06:00,2020-06-11 06:24:26-06:00,29.65614816149076,min
HKWorkoutActivityTypeRunning,2020-06-12 06:39:25-06:00,2020-06-12 05:54:30-06:00,2020-06-12 06:39:24-06:00,39.43732224106789,min
HKWorkoutActivityTypeRunning,2020-06-13 06:06:29-06:00,2020-06-13 05:34:29-06:00,2020-06-13 06:06:28-06:00,30.18991461992264,min
HKWorkoutActivityTypeRunning,2020-06-15 06:38:35-06:00,2020-06-15 05:46:00-06:00,2020-06-15 06:38:34-06:00,39.0297776778539,min
HKWorkoutActivityTypeRunning,2020-06-16 06:19:01-06:00,2020-06-16 05:41:33-06:00,2020-06-16 06:19:00-06:00,31.7972125907739,min
HKWorkoutActivityTypeRunning,2020-06-17 06:02:52-06:00,2020-06-17 05:43:35-06:00,2020-06-17 06:02:51-06:00,11.18483910957972,min
HKWorkoutActivityTypeRunning,2020-06-17 06:13:24-06:00,2020-06-17 06:02:51-06:00,2020-06-17 06:13:23-06:00,9.997942797342937,min
HKWorkoutActivityTypeRunning,2020-06-17 06:36:46-06:00,2020-06-17 06:13:23-06:00,2020-06-17 06:36:44-06:00,10.85147117376328,min
HKWorkoutActivityTypeRunning,2020-06-18 06:26:15-06:00,2020-06-18 05:39:27-06:00,2020-06-18 06:26:13-06:00,35.00810746947924,min
HKWorkoutActivityTypeRunning,2020-06-19 06:41:53-06:00,2020-06-19 05:41:58-06:00,2020-06-19 06:41:51-06:00,51.82433372139931,min
HKWorkoutActivityTypeRunning,2020-06-20 06:09:49-06:00,2020-06-20 05:36:10-06:00,2020-06-20 06:09:48-06:00,29.24465358654658,min
HKWorkoutActivityTypeRunning,2020-06-22 06:28:39-06:00,2020-06-22 05:43:17-06:00,2020-06-22 06:28:38-06:00,39.62047347625096,min
HKWorkoutActivityTypeRunning,2020-06-23 06:11:02-06:00,2020-06-23 05:47:32-06:00,2020-06-23 06:11:01-06:00,7.632103355725606,min
HKWorkoutActivityTypeRunning,2020-06-23 06:20:59-06:00,2020-06-23 06:11:01-06:00,2020-06-23 06:20:58-06:00,6.098157330354055,min
HKWorkoutActivityTypeRunning,2020-06-23 06:35:12-06:00,2020-06-23 06:20:59-06:00,2020-06-23 06:35:12-06:00,8.50741230249405,min
HKWorkoutActivityTypeRunning,2020-06-24 06:26:05-06:00,2020-06-24 05:46:43-06:00,2020-06-24 06:26:03-06:00,32.87494395176569,min
HKWorkoutActivityTypeCycling,2020-06-24 12:06:09-06:00,2020-06-24 11:49:53-06:00,2020-06-24 12:06:08-06:00,16.22717396616936,min
HKWorkoutActivityTypeRunning,2020-06-25 06:26:13-06:00,2020-06-25 05:47:19-06:00,2020-06-25 06:26:12-06:00,37.55747587680817,min
HKWorkoutActivityTypeCycling,2020-06-25 13:19:00-06:00,2020-06-25 12:49:27-06:00,2020-06-25 13:18:59-06:00,8.991486883163452,min
HKWorkoutActivityTypeCycling,2020-06-27 05:41:53-06:00,2020-06-27 05:40:49-06:00,2020-06-27 05:41:52-06:00,1.046208816766739,min
HKWorkoutActivityTypeRunning,2020-06-27 06:46:35-06:00,2020-06-27 05:42:00-06:00,2020-06-27 06:46:33-06:00,44.77604513168335,min
HKWorkoutActivityTypeRunning,2020-06-29 06:30:39-06:00,2020-06-29 05:54:53-06:00,2020-06-29 06:30:37-06:00,28.75762224594752,min
HKWorkoutActivityTypeRunning,2020-06-30 06:22:13-06:00,2020-06-30 05:40:57-06:00,2020-06-30 06:22:12-06:00,31.77199919422468,min
HKWorkoutActivityTypeRunning,2020-07-01 06:03:48-06:00,2020-07-01 05:47:01-06:00,2020-07-01 06:03:47-06:00,11.1835576236248,min
HKWorkoutActivityTypeRunning,2020-07-01 06:18:50-06:00,2020-07-01 06:03:47-06:00,2020-07-01 06:18:49-06:00,12.02768825689952,min
HKWorkoutActivityTypeRunning,2020-07-01 06:45:54-06:00,2020-07-01 06:26:59-06:00,2020-07-01 06:45:53-06:00,11.46927753289541,min
HKWorkoutActivityTypeRunning,2020-07-02 06:29:17-06:00,2020-07-02 05:46:49-06:00,2020-07-02 06:29:15-06:00,31.45804229776065,min
HKWorkoutActivityTypeRunning,2020-07-03 06:49:23-06:00,2020-07-03 05:42:10-06:00,2020-07-03 06:49:21-06:00,56.44430144627889,min
HKWorkoutActivityTypeCycling,2020-07-03 17:09:05-06:00,2020-07-03 16:11:13-06:00,2020-07-03 17:09:04-06:00,57.85611948370934,min
HKWorkoutActivityTypeRunning,2020-07-04 06:21:26-06:00,2020-07-04 05:44:19-06:00,2020-07-04 06:21:25-06:00,35.46001239021619,min
HKWorkoutActivityTypeRunning,2020-07-06 06:36:45-06:00,2020-07-06 05:39:29-06:00,2020-07-06 06:36:43-06:00,44.80659437974294,min
HKWorkoutActivityTypeRunning,2020-07-07 06:05:55-06:00,2020-07-07 05:42:24-06:00,2020-07-07 06:05:54-06:00,15.00693452954292,min
HKWorkoutActivityTypeRunning,2020-07-07 06:18:26-06:00,2020-07-07 06:05:54-06:00,2020-07-07 06:18:25-06:00,10.32600281238556,min
HKWorkoutActivityTypeRunning,2020-07-07 06:28:31-06:00,2020-07-07 06:18:25-06:00,2020-07-07 06:28:30-06:00,5.02105349500974,min
HKWorkoutActivityTypeRunning,2020-07-08 06:34:58-06:00,2020-07-08 05:49:18-06:00,2020-07-08 06:34:57-06:00,41.91547999382019,min
HKWorkoutActivityTypeRunning,2020-07-09 06:31:20-06:00,2020-07-09 05:45:25-06:00,2020-07-09 06:31:19-06:00,36.87666372060776,min
HKWorkoutActivityTypeRunning,2020-07-10 06:16:49-06:00,2020-07-10 05:37:03-06:00,2020-07-10 06:16:48-06:00,35.11907642682393,min
HKWorkoutActivityTypeRunning,2020-07-11 06:58:37-06:00,2020-07-11 05:41:32-06:00,2020-07-11 06:58:35-06:00,61.94886055986087,min
HKWorkoutActivityTypeRunning,2020-07-15 06:50:03-06:00,2020-07-15 06:38:14-06:00,2020-07-15 06:50:03-06:00,9.975048037370046,min
HKWorkoutActivityTypeCycling,2020-07-20 05:47:14-06:00,2020-07-20 05:03:20-06:00,2020-07-20 05:47:13-06:00,35.5755187312762,min
HKWorkoutActivityTypeCycling,2020-07-20 07:00:59-06:00,2020-07-20 05:47:13-06:00,2020-07-20 07:00:57-06:00,46.91281327009201,min
HKWorkoutActivityTypeCycling,2020-07-20 07:38:57-06:00,2020-07-20 07:00:57-06:00,2020-07-20 07:38:56-06:00,30.20985296368599,min
HKWorkoutActivityTypeCycling,2020-07-21 06:01:46-06:00,2020-07-21 05:17:38-06:00,2020-07-21 06:01:45-06:00,43.26655971606572,min
HKWorkoutActivityTypeCycling,2020-07-22 06:50:37-06:00,2020-07-22 05:46:06-06:00,2020-07-22 06:50:35-06:00,60.01239364941915,min
HKWorkoutActivityTypeCycling,2020-07-23 07:39:13-06:00,2020-07-23 06:49:39-06:00,2020-07-23 07:39:12-06:00,45.63392248749733,min
HKWorkoutActivityTypeCycling,2020-07-24 07:35:57-06:00,2020-07-24 06:46:10-06:00,2020-07-24 07:35:55-06:00,48.59207529822985,min
HKWorkoutActivityTypeCycling,2020-07-25 06:47:53-06:00,2020-07-25 05:44:22-06:00,2020-07-25 06:47:52-06:00,60.00777678291003,min
HKWorkoutActivityTypeRunning,2020-07-27 06:42:01-06:00,2020-07-27 06:09:26-06:00,2020-07-27 06:42:00-06:00,30.00445661942164,min
HKWorkoutActivityTypeRunning,2020-07-28 06:04:26-06:00,2020-07-28 05:32:02-06:00,2020-07-28 06:04:25-06:00,29.02353268663088,min
HKWorkoutActivityTypeRunning,2020-07-29 06:03:20-06:00,2020-07-29 05:33:36-06:00,2020-07-29 06:03:19-06:00,29.61661281585693,min
HKWorkoutActivityTypeRunning,2020-07-30 06:11:40-06:00,2020-07-30 05:39:42-06:00,2020-07-30 06:11:39-06:00,31.06820399165154,min
HKWorkoutActivityTypeRunning,2020-07-31 06:48:48-06:00,2020-07-31 05:43:56-06:00,2020-07-31 06:48:47-06:00,57.8432807524999,min
HKWorkoutActivityTypeRunning,2020-08-01 06:40:41-06:00,2020-08-01 06:05:19-06:00,2020-08-01 06:40:40-06:00,34.46276719967524,min
HKWorkoutActivityTypeRunning,2020-08-03 06:27:11-06:00,2020-08-03 05:38:09-06:00,2020-08-03 06:27:10-06:00,39.97819527586301,min
HKWorkoutActivityTypeRunning,2020-08-04 06:12:56-06:00,2020-08-04 05:37:24-06:00,2020-08-04 06:12:55-06:00,30.71629329919815,min
HKWorkoutActivityTypeRunning,2020-08-05 07:41:23-06:00,2020-08-05 07:07:11-06:00,2020-08-05 07:41:22-06:00,31.49780963460604,min
HKWorkoutActivityTypeRunning,2020-08-06 06:51:09-06:00,2020-08-06 06:25:00-06:00,2020-08-06 06:51:08-06:00,21.28141631682714,min
HKWorkoutActivityTypeRunning,2020-08-07 06:03:46-06:00,2020-08-07 05:31:19-06:00,2020-08-07 06:03:45-06:00,29.28491640090942,min
HKWorkoutActivityTypeRunning,2020-08-08 08:40:35-06:00,2020-08-08 08:06:56-06:00,2020-08-08 08:40:34-06:00,30.01309824387232,min
HKWorkoutActivityTypeRunning,2020-08-10 07:15:10-06:00,2020-08-10 06:34:50-06:00,2020-08-10 07:15:09-06:00,31.56074792544047,min
HKWorkoutActivityTypeRunning,2020-08-11 06:57:07-06:00,2020-08-11 06:25:33-06:00,2020-08-11 06:57:06-06:00,15.00975743532181,min
HKWorkoutActivityTypeRunning,2020-08-11 07:21:11-06:00,2020-08-11 06:57:06-06:00,2020-08-11 07:21:10-06:00,15.00825033783913,min
HKWorkoutActivityTypeRunning,2020-08-11 07:39:11-06:00,2020-08-11 07:21:10-06:00,2020-08-11 07:39:11-06:00,16.64557616313299,min
HKWorkoutActivityTypeRunning,2020-08-12 07:01:54-06:00,2020-08-12 06:19:51-06:00,2020-08-12 07:01:52-06:00,36.36244871417681,min
HKWorkoutActivityTypeRunning,2020-08-13 14:45:41-06:00,2020-08-13 14:09:45-06:00,2020-08-13 14:45:40-06:00,20.11509052713712,min
HKWorkoutActivityTypeRunning,2020-08-13 15:13:05-06:00,2020-08-13 14:45:40-06:00,2020-08-13 15:13:04-06:00,8.499660617113113,min
HKWorkoutActivityTypeRunning,2020-08-13 15:49:33-06:00,2020-08-13 15:13:04-06:00,2020-08-13 15:49:32-06:00,19.24767848849297,min
HKWorkoutActivityTypeRunning,2020-08-14 14:50:40-06:00,2020-08-14 14:14:18-06:00,2020-08-14 14:50:39-06:00,32.96430270075798,min
HKWorkoutActivityTypeRunning,2020-08-15 07:30:30-06:00,2020-08-15 07:03:43-06:00,2020-08-15 07:30:29-06:00,12.08794482549032,min
HKWorkoutActivityTypeRunning,2020-08-15 08:07:27-06:00,2020-08-15 07:50:00-06:00,2020-08-15 08:07:26-06:00,13.29742499987284,min
HKWorkoutActivityTypeRunning,2020-08-15 08:28:26-06:00,2020-08-15 08:13:30-06:00,2020-08-15 08:28:26-06:00,11.97638686498006,min
HKWorkoutActivityTypeRunning,2020-08-17 14:41:43-06:00,2020-08-17 14:20:44-06:00,2020-08-17 14:41:43-06:00,18.40199848016103,min
HKWorkoutActivityTypeWalking,2020-08-17 14:59:23-06:00,2020-08-17 14:42:38-06:00,2020-08-17 14:59:22-06:00,16.74026790062586,min
HKWorkoutActivityTypeCycling,2020-08-18 16:09:10-06:00,2020-08-18 13:47:59-06:00,2020-08-18 16:09:07-06:00,71.04692129890124,min
HKWorkoutActivityTypeCycling,2020-08-19 13:58:49-06:00,2020-08-19 13:39:42-06:00,2020-08-19 13:58:49-06:00,19.05419330000877,min
HKWorkoutActivityTypeRunning,2020-08-19 14:57:19-06:00,2020-08-19 14:17:48-06:00,2020-08-19 14:57:18-06:00,32.15624903241793,min
HKWorkoutActivityTypeCycling,2020-08-19 15:49:10-06:00,2020-08-19 15:36:12-06:00,2020-08-19 15:49:09-06:00,12.88974300026894,min
HKWorkoutActivityTypeCycling,2020-08-20 16:18:48-06:00,2020-08-20 13:40:04-06:00,2020-08-20 16:18:46-06:00,86.02714635133744,min
HKWorkoutActivityTypeCycling,2020-08-21 15:59:03-06:00,2020-08-21 13:39:36-06:00,2020-08-21 15:59:01-06:00,64.97117800315222,min
HKWorkoutActivityTypeCycling,2020-08-22 07:59:15-06:00,2020-08-22 05:29:39-06:00,2020-08-22 07:59:13-06:00,45.06921348373096,min
HKWorkoutActivityTypeCycling,2020-08-26 11:48:23-06:00,2020-08-26 11:35:39-06:00,2020-08-26 11:48:23-06:00,9.7279820839564,min
HKWorkoutActivityTypeCycling,2020-08-28 11:31:13-06:00,2020-08-28 11:09:35-06:00,2020-08-28 11:31:12-06:00,21.53341190020243,min
HKWorkoutActivityTypeCycling,2020-08-29 06:02:50-06:00,2020-08-29 05:42:03-06:00,2020-08-29 06:02:49-06:00,20.70587131579717,min
HKWorkoutActivityTypeCycling,2020-08-29 07:35:47-06:00,2020-08-29 06:16:02-06:00,2020-08-29 07:35:45-06:00,50.84808988571167,min
HKWorkoutActivityTypeCycling,2020-08-31 13:51:24-06:00,2020-08-31 13:36:21-06:00,2020-08-31 13:51:23-06:00,14.99360520044963,min
HKWorkoutActivityTypeRunning,2020-08-31 14:59:47-06:00,2020-08-31 14:20:05-06:00,2020-08-31 14:59:46-06:00,20.17695622444153,min
HKWorkoutActivityTypeCycling,2020-08-31 15:47:48-06:00,2020-08-31 15:31:34-06:00,2020-08-31 15:47:47-06:00,15.39706396659215,min
HKWorkoutActivityTypeCycling,2020-09-02 13:57:52-06:00,2020-09-02 13:37:11-06:00,2020-09-02 13:57:51-06:00,20.67143115003904,min
HKWorkoutActivityTypeRunning,2020-09-02 14:39:13-06:00,2020-09-02 14:30:43-06:00,2020-09-02 14:39:12-06:00,7.496052289009095,min
HKWorkoutActivityTypeCycling,2020-09-02 16:19:29-06:00,2020-09-02 16:03:58-06:00,2020-09-02 16:19:28-06:00,15.49858253200849,min
HKWorkoutActivityTypeCycling,2020-09-03 13:59:21-06:00,2020-09-03 13:40:11-06:00,2020-09-03 13:59:20-06:00,14.73182571729024,min
HKWorkoutActivityTypeRunning,2020-09-03 14:28:39-06:00,2020-09-03 14:20:09-06:00,2020-09-03 14:28:38-06:00,8.295747075478236,min
HKWorkoutActivityTypeCycling,2020-09-03 15:45:37-06:00,2020-09-03 15:27:25-06:00,2020-09-03 15:45:36-06:00,18.16711776653926,min
HKWorkoutActivityTypeCycling,2020-09-04 15:44:18-06:00,2020-09-04 13:40:03-06:00,2020-09-04 15:44:16-06:00,63.46981033285459,min
HKWorkoutActivityTypeCycling,2020-09-07 05:58:40-06:00,2020-09-07 05:40:09-06:00,2020-09-07 05:58:39-06:00,17.04579755067825,min
HKWorkoutActivityTypeRunning,2020-09-07 06:25:28-06:00,2020-09-07 06:15:58-06:00,2020-09-07 06:25:27-06:00,8.562912209828694,min
HKWorkoutActivityTypeCycling,2020-09-07 07:54:19-06:00,2020-09-07 07:37:05-06:00,2020-09-07 07:54:18-06:00,17.11624711751938,min
HKWorkoutActivityTypeRunning,2020-09-09 14:32:52-06:00,2020-09-09 14:12:59-06:00,2020-09-09 14:32:51-06:00,16.79612557093303,min
HKWorkoutActivityTypeRunning,2020-09-10 14:32:07-06:00,2020-09-10 14:05:08-06:00,2020-09-10 14:32:06-06:00,26.16570902864138,min
HKWorkoutActivityTypeRunning,2020-09-11 14:57:55-06:00,2020-09-11 14:17:12-06:00,2020-09-11 14:57:54-06:00,32.80252580046654,min
HKWorkoutActivityTypeRunning,2020-09-13 06:56:34-06:00,2020-09-13 05:58:10-06:00,2020-09-13 06:56:32-06:00,56.4197031935056,min
HKWorkoutActivityTypeRunning,2020-09-14 14:50:01-06:00,2020-09-14 14:13:25-06:00,2020-09-14 14:50:00-06:00,30.02296248674393,min
HKWorkoutActivityTypeRunning,2020-09-15 15:01:10-06:00,2020-09-15 14:16:17-06:00,2020-09-15 15:01:09-06:00,39.96571255326271,min
HKWorkoutActivityTypeRunning,2020-09-16 14:59:09-06:00,2020-09-16 14:41:47-06:00,2020-09-16 14:59:08-06:00,12.48483828902244,min
HKWorkoutActivityTypeRunning,2020-09-16 15:54:39-06:00,2020-09-16 15:31:30-06:00,2020-09-16 15:54:39-06:00,23.02238453626633,min
HKWorkoutActivityTypeRunning,2020-09-16 16:20:07-06:00,2020-09-16 16:10:16-06:00,2020-09-16 16:20:06-06:00,8.11986548701922,min
HKWorkoutActivityTypeRunning,2020-09-17 15:10:07-06:00,2020-09-17 14:27:23-06:00,2020-09-17 15:10:06-06:00,39.43649260004361,min
HKWorkoutActivityTypeRunning,2020-09-18 14:40:03-06:00,2020-09-18 14:18:03-06:00,2020-09-18 14:40:02-06:00,15.64025001724561,min
HKWorkoutActivityTypeRunning,2020-09-18 15:15:39-06:00,2020-09-18 14:42:38-06:00,2020-09-18 15:15:38-06:00,17.59725064237913,min
HKWorkoutActivityTypeRunning,2020-09-18 15:35:26-06:00,2020-09-18 15:20:52-06:00,2020-09-18 15:35:25-06:00,11.83886612653732,min
HKWorkoutActivityTypeRunning,2020-09-21 15:17:18-06:00,2020-09-21 14:17:22-06:00,2020-09-21 15:17:17-06:00,55.07224704821905,min
HKWorkoutActivityTypeRunning,2020-09-22 14:51:41-06:00,2020-09-22 14:16:55-06:00,2020-09-22 14:51:40-06:00,34.36613751848539,min
HKWorkoutActivityTypeRunning,2020-09-23 15:10:58-06:00,2020-09-23 14:52:41-06:00,2020-09-23 15:10:57-06:00,16.05400166710218,min
HKWorkoutActivityTypeRunning,2020-09-23 16:11:32-06:00,2020-09-23 15:42:56-06:00,2020-09-23 16:11:31-06:00,20.87214875419935,min
HKWorkoutActivityTypeRunning,2020-09-23 16:17:54-06:00,2020-09-23 16:11:47-06:00,2020-09-23 16:17:53-06:00,5.156577084461848,min
HKWorkoutActivityTypeRunning,2020-09-23 16:23:09-06:00,2020-09-23 16:17:53-06:00,2020-09-23 16:23:09-06:00,4.322535192966461,min
HKWorkoutActivityTypeRunning,2020-09-24 14:56:37-06:00,2020-09-24 14:13:34-06:00,2020-09-24 14:56:36-06:00,39.71079001625379,min
HKWorkoutActivityTypeRunning,2020-09-25 14:27:23-06:00,2020-09-25 14:14:53-06:00,2020-09-25 14:27:23-06:00,12.3436807513237,min
HKWorkoutActivityTypeRunning,2020-09-25 15:16:43-06:00,2020-09-25 14:43:46-06:00,2020-09-25 15:16:43-06:00,14.74365128477414,min
HKWorkoutActivityTypeRunning,2020-09-25 15:48:16-06:00,2020-09-25 15:19:30-06:00,2020-09-25 15:48:15-06:00,10.00366175969442,min
HKWorkoutActivityTypeRunning,2020-09-26 07:13:09-06:00,2020-09-26 06:19:52-06:00,2020-09-26 07:13:08-06:00,32.21284136573474,min
HKWorkoutActivityTypeRunning,2020-09-28 15:09:51-06:00,2020-09-28 14:25:01-06:00,2020-09-28 15:09:49-06:00,40.32462821006775,min
HKWorkoutActivityTypeRunning,2020-09-29 14:23:24-06:00,2020-09-29 13:55:34-06:00,2020-09-29 14:23:22-06:00,26.63493926723798,min
HKWorkoutActivityTypeRunning,2020-09-30 14:32:26-06:00,2020-09-30 13:58:48-06:00,2020-09-30 14:32:25-06:00,30.04765165249507,min
HKWorkoutActivityTypeRunning,2020-10-01 14:55:22-06:00,2020-10-01 14:21:59-06:00,2020-10-01 14:55:21-06:00,32.09425264199574,min
HKWorkoutActivityTypeRunning,2020-10-02 14:33:16-06:00,2020-10-02 14:13:06-06:00,2020-10-02 14:33:15-06:00,9.281327333052953,min
HKWorkoutActivityTypeRunning,2020-10-02 14:58:26-06:00,2020-10-02 14:34:04-06:00,2020-10-02 14:58:25-06:00,11.47306416432063,min
HKWorkoutActivityTypeRunning,2020-10-02 15:20:34-06:00,2020-10-02 15:04:54-06:00,2020-10-02 15:20:33-06:00,15.04331557353338,min
HKWorkoutActivityTypeRunning,2020-10-03 06:45:05-06:00,2020-10-03 06:17:44-06:00,2020-10-03 06:45:04-06:00,23.46126083532969,min
HKWorkoutActivityTypeRunning,2020-10-03 06:51:58-06:00,2020-10-03 06:45:24-06:00,2020-10-03 06:51:57-06:00,6.562443898121516,min
HKWorkoutActivityTypeRunning,2020-10-05 14:44:46-06:00,2020-10-05 14:17:09-06:00,2020-10-05 14:44:45-06:00,16.24090025623639,min
HKWorkoutActivityTypeRunning,2020-10-05 15:04:02-06:00,2020-10-05 14:44:45-06:00,2020-10-05 15:04:02-06:00,5.675209999084473,min
HKWorkoutActivityTypeRunning,2020-10-06 14:56:21-06:00,2020-10-06 14:21:07-06:00,2020-10-06 14:56:20-06:00,33.59381518562635,min
HKWorkoutActivityTypeRunning,2020-10-07 15:46:54-06:00,2020-10-07 15:26:26-06:00,2020-10-07 15:46:53-06:00,9.064611866076786,min
HKWorkoutActivityTypeRunning,2020-10-07 16:34:25-06:00,2020-10-07 16:14:31-06:00,2020-10-07 16:34:24-06:00,19.16747303207715,min
HKWorkoutActivityTypeRunning,2020-10-08 07:10:47-06:00,2020-10-08 06:11:22-06:00,2020-10-08 07:10:46-06:00,32.48753966291746,min
HKWorkoutActivityTypeRunning,2020-10-09 07:46:11-06:00,2020-10-09 07:11:58-06:00,2020-10-09 07:46:10-06:00,30.0182722667853,min
HKWorkoutActivityTypeRunning,2020-10-10 06:24:01-06:00,2020-10-10 06:11:49-06:00,2020-10-10 06:24:01-06:00,11.970883868138,min
HKWorkoutActivityTypeRunning,2020-10-10 06:50:18-06:00,2020-10-10 06:41:11-06:00,2020-10-10 06:50:17-06:00,5.909290834267934,min
HKWorkoutActivityTypeRunning,2020-10-10 07:16:40-06:00,2020-10-10 06:53:24-06:00,2020-10-10 07:16:39-06:00,9.686594633261363,min
HKWorkoutActivityTypeRunning,2020-10-12 07:34:24-06:00,2020-10-12 06:44:24-06:00,2020-10-12 07:34:23-06:00,40.17133753299713,min
HKWorkoutActivityTypeRunning,2020-10-13 14:39:43-06:00,2020-10-13 14:12:49-06:00,2020-10-13 14:39:42-06:00,16.9073717991511,min
HKWorkoutActivityTypeRunning,2020-10-13 14:57:26-06:00,2020-10-13 14:39:48-06:00,2020-10-13 14:57:25-06:00,12.87507371902466,min
HKWorkoutActivityTypeRunning,2020-10-14 14:04:53-06:00,2020-10-14 13:09:07-06:00,2020-10-14 14:04:52-06:00,36.02941396435101,min
HKWorkoutActivityTypeRunning,2020-10-15 15:05:02-06:00,2020-10-15 14:13:33-06:00,2020-10-15 15:05:01-06:00,30.11476835608482,min
HKWorkoutActivityTypeRunning,2020-10-16 14:42:16-06:00,2020-10-16 14:08:19-06:00,2020-10-16 14:42:15-06:00,30.37731918295225,min
HKWorkoutActivityTypeRunning,2020-10-17 07:46:52-06:00,2020-10-17 07:17:04-06:00,2020-10-17 07:46:51-06:00,25.49572696288427,min
HKWorkoutActivityTypeRunning,2020-10-18 07:04:00-06:00,2020-10-18 05:56:09-06:00,2020-10-18 07:03:58-06:00,60.13514024416606,min
HKWorkoutActivityTypeWalking,2020-11-02 12:46:32-06:00,2020-11-02 12:34:43-06:00,2020-11-02 12:46:31-06:00,11.03284183343252,min
HKWorkoutActivityTypeWalking,2020-11-04 11:01:54-06:00,2020-11-04 10:45:29-06:00,2020-11-04 11:01:53-06:00,16.14461198449135,min
HKWorkoutActivityTypeRunning,2020-11-09 07:54:14-06:00,2020-11-09 07:11:54-06:00,2020-11-09 07:54:13-06:00,29.2056032538414,min
HKWorkoutActivityTypeRunning,2020-11-10 14:13:33-06:00,2020-11-10 13:24:28-06:00,2020-11-10 14:13:32-06:00,30.04409821033478,min
HKWorkoutActivityTypeRunning,2020-11-11 15:44:59-06:00,2020-11-11 15:13:02-06:00,2020-11-11 15:44:58-06:00,29.15727907816569,min
HKWorkoutActivityTypeRunning,2020-11-12 15:56:49-06:00,2020-11-12 15:16:45-06:00,2020-11-12 15:56:47-06:00,30.18800398310026,min
HKWorkoutActivityTypeRunning,2020-11-13 15:53:59-06:00,2020-11-13 15:17:08-06:00,2020-11-13 15:53:58-06:00,29.88231462438901,min
HKWorkoutActivityTypeRunning,2020-11-14 10:55:17-06:00,2020-11-14 10:12:19-06:00,2020-11-14 10:55:15-06:00,30.79765100280444,min
HKWorkoutActivityTypeRunning,2020-11-16 15:47:23-06:00,2020-11-16 15:13:55-06:00,2020-11-16 15:47:22-06:00,32.14774454633395,min
HKWorkoutActivityTypeRunning,2020-11-17 15:50:19-06:00,2020-11-17 15:07:34-06:00,2020-11-17 15:50:17-06:00,29.61867277423541,min
HKWorkoutActivityTypeRunning,2020-11-18 15:59:33-06:00,2020-11-18 15:14:08-06:00,2020-11-18 15:59:31-06:00,31.23420788844426,min
HKWorkoutActivityTypeRunning,2020-11-19 15:50:15-06:00,2020-11-19 15:14:20-06:00,2020-11-19 15:50:14-06:00,29.98741968274117,min
HKWorkoutActivityTypeRunning,2020-11-20 15:59:21-06:00,2020-11-20 15:27:07-06:00,2020-11-20 15:59:19-06:00,4.553262243668239,min
HKWorkoutActivityTypeRunning,2020-11-23 10:52:21-06:00,2020-11-23 10:13:04-06:00,2020-11-23 10:52:20-06:00,30.12396622896194,min
HKWorkoutActivityTypeRunning,2020-11-24 10:07:55-06:00,2020-11-24 09:37:16-06:00,2020-11-24 10:07:53-06:00,30.10345752636591,min
HKWorkoutActivityTypeRunning,2020-11-26 09:39:27-06:00,2020-11-26 09:08:00-06:00,2020-11-26 09:39:26-06:00,30.57879252433777,min
HKWorkoutActivityTypeRunning,2020-11-27 11:24:09-06:00,2020-11-27 10:45:11-06:00,2020-11-27 11:24:07-06:00,22.09438002506892,min
HKWorkoutActivityTypeRunning,2020-11-28 11:07:18-06:00,2020-11-28 10:10:47-06:00,2020-11-28 11:07:16-06:00,29.17984890341759,min
HKWorkoutActivityTypeRunning,2020-11-30 15:54:53-06:00,2020-11-30 15:09:38-06:00,2020-11-30 15:54:52-06:00,33.16627707680066,min
HKWorkoutActivityTypeRunning,2020-12-01 16:26:07-06:00,2020-12-01 15:43:42-06:00,2020-12-01 16:26:06-06:00,17.04751777648926,min
HKWorkoutActivityTypeRunning,2020-12-02 15:54:54-06:00,2020-12-02 15:12:07-06:00,2020-12-02 15:54:53-06:00,35.72744534810384,min
HKWorkoutActivityTypeRunning,2020-12-03 16:01:43-06:00,2020-12-03 15:09:57-06:00,2020-12-03 16:01:42-06:00,33.47800874710083,min
HKWorkoutActivityTypeRunning,2020-12-04 12:53:59-06:00,2020-12-04 12:21:09-06:00,2020-12-04 12:53:58-06:00,30.53265646696091,min
HKWorkoutActivityTypeRunning,2020-12-05 10:59:22-06:00,2020-12-05 10:14:56-06:00,2020-12-05 10:59:21-06:00,33.86233081618945,min
HKWorkoutActivityTypeWalking,2020-12-05 16:12:03-06:00,2020-12-05 15:44:02-06:00,2020-12-05 16:12:02-06:00,26.70573525031408,min
HKWorkoutActivityTypeRunning,2020-12-07 15:58:35-06:00,2020-12-07 15:13:48-06:00,2020-12-07 15:58:33-06:00,35.20137280225754,min
HKWorkoutActivityTypeRunning,2020-12-08 15:59:47-06:00,2020-12-08 15:09:15-06:00,2020-12-08 15:59:45-06:00,35.51645766695341,min
HKWorkoutActivityTypeRunning,2020-12-09 15:51:48-06:00,2020-12-09 15:11:30-06:00,2020-12-09 15:51:47-06:00,32.45689286986987,min
HKWorkoutActivityTypeCoreTraining,2020-12-09 16:21:55-06:00,2020-12-09 15:59:27-06:00,2020-12-09 16:21:55-06:00,7.839602049191793,min
HKWorkoutActivityTypeRunning,2020-12-10 16:21:48-06:00,2020-12-10 15:39:23-06:00,2020-12-10 16:21:47-06:00,37.05452921787898,min
HKWorkoutActivityTypeCoreTraining,2020-12-10 16:42:35-06:00,2020-12-10 16:27:57-06:00,2020-12-10 16:42:34-06:00,4.646274467309316,min
HKWorkoutActivityTypeRunning,2020-12-11 13:48:39-06:00,2020-12-11 13:07:02-06:00,2020-12-11 13:48:37-06:00,34.10789443651835,min
HKWorkoutActivityTypeRunning,2020-12-12 15:48:52-06:00,2020-12-12 15:11:12-06:00,2020-12-12 15:48:50-06:00,34.93478246927261,min
HKWorkoutActivityTypeRunning,2020-12-14 16:38:51-06:00,2020-12-14 15:07:26-06:00,2020-12-14 16:38:49-06:00,36.9042023340861,min
HKWorkoutActivityTypeRunning,2020-12-15 15:58:21-06:00,2020-12-15 15:15:08-06:00,2020-12-15 15:58:19-06:00,36.9002472837766,min
HKWorkoutActivityTypeRunning,2020-12-16 15:59:55-06:00,2020-12-16 15:16:30-06:00,2020-12-16 15:59:53-06:00,31.63271846373876,min
HKWorkoutActivityTypeRunning,2020-12-17 15:54:22-06:00,2020-12-17 15:13:03-06:00,2020-12-17 15:54:21-06:00,33.28869808117549,min
HKWorkoutActivityTypeCoreTraining,2020-12-17 16:06:29-06:00,2020-12-17 15:58:39-06:00,2020-12-17 16:06:29-06:00,4.444352682431539,min
HKWorkoutActivityTypeRunning,2020-12-18 15:56:20-06:00,2020-12-18 15:04:31-06:00,2020-12-18 15:56:19-06:00,12.30012524922689,min
HKWorkoutActivityTypeRunning,2020-12-19 11:21:51-06:00,2020-12-19 10:13:01-06:00,2020-12-19 11:21:49-06:00,51.25839244922002,min
HKWorkoutActivityTypeRunning,2020-12-21 10:49:00-06:00,2020-12-21 10:08:23-06:00,2020-12-21 10:48:58-06:00,28.78430469830831,min
HKWorkoutActivityTypeCoreTraining,2020-12-21 10:55:55-06:00,2020-12-21 10:48:58-06:00,2020-12-21 10:55:54-06:00,4.482792297999064,min
HKWorkoutActivityTypeRunning,2020-12-22 10:54:36-06:00,2020-12-22 10:02:54-06:00,2020-12-22 10:54:34-06:00,26.24892556269964,min
HKWorkoutActivityTypeCoreTraining,2020-12-22 11:03:18-06:00,2020-12-22 10:54:34-06:00,2020-12-22 11:03:17-06:00,3.35297996600469,min
HKWorkoutActivityTypeRunning,2020-12-23 10:42:53-06:00,2020-12-23 10:10:47-06:00,2020-12-23 10:42:52-06:00,17.98193214734395,min
HKWorkoutActivityTypeRunning,2020-12-23 11:00:19-06:00,2020-12-23 10:42:58-06:00,2020-12-23 11:00:18-06:00,5.868566183249156,min
HKWorkoutActivityTypeRunning,2020-12-24 10:53:20-06:00,2020-12-24 10:13:26-06:00,2020-12-24 10:53:19-06:00,23.16867038210233,min
HKWorkoutActivityTypeRunning,2020-12-28 10:44:05-06:00,2020-12-28 10:09:30-06:00,2020-12-28 10:44:03-06:00,30.36812378366788,min
HKWorkoutActivityTypeRunning,2020-12-29 10:36:27-06:00,2020-12-29 10:12:35-06:00,2020-12-29 10:36:25-06:00,14.68674631714821,min
HKWorkoutActivityTypeRunning,2020-12-29 10:50:48-06:00,2020-12-29 10:36:25-06:00,2020-12-29 10:50:47-06:00,10.04520491758982,min
HKWorkoutActivityTypeRunning,2020-12-29 11:12:45-06:00,2020-12-29 10:50:47-06:00,2020-12-29 11:12:44-06:00,10.79285216728846,min
HKWorkoutActivityTypeRunning,2020-12-30 11:13:32-06:00,2020-12-30 10:39:13-06:00,2020-12-30 11:13:30-06:00,29.68065498272578,min
HKWorkoutActivityTypeRunning,2020-12-31 10:56:12-06:00,2020-12-31 10:06:34-06:00,2020-12-31 10:56:10-06:00,40.19309608141581,min
HKWorkoutActivityTypeRunning,2021-01-02 10:55:01-06:00,2021-01-02 10:11:00-06:00,2021-01-02 10:54:59-06:00,28.7436272362868,min
HKWorkoutActivityTypeRunning,2021-01-04 11:00:33-06:00,2021-01-04 10:04:32-06:00,2021-01-04 11:00:31-06:00,48.02788248459498,min
HKWorkoutActivityTypeRunning,2021-01-05 15:47:47-06:00,2021-01-05 15:26:13-06:00,2021-01-05 15:47:46-06:00,13.73311213652293,min
HKWorkoutActivityTypeRunning,2021-01-05 16:08:19-06:00,2021-01-05 15:47:46-06:00,2021-01-05 16:08:18-06:00,15.0019353667895,min
HKWorkoutActivityTypeRunning,2021-01-05 16:28:08-06:00,2021-01-05 16:08:18-06:00,2021-01-05 16:28:07-06:00,15.92166521946589,min
HKWorkoutActivityTypeRunning,2021-01-07 16:11:28-06:00,2021-01-07 15:12:03-06:00,2021-01-07 16:11:26-06:00,46.60473521550497,min
HKWorkoutActivityTypeRunning,2021-01-08 16:01:11-06:00,2021-01-08 15:12:26-06:00,2021-01-08 16:01:09-06:00,33.40489297906558,min
HKWorkoutActivityTypeRunning,2021-01-09 11:13:09-06:00,2021-01-09 10:15:48-06:00,2021-01-09 11:13:07-06:00,50.20492523312569,min
HKWorkoutActivityTypeRunning,2021-01-11 16:02:25-06:00,2021-01-11 15:11:21-06:00,2021-01-11 16:02:23-06:00,41.86399781703949,min
HKWorkoutActivityTypeRunning,2021-01-12 15:29:00-06:00,2021-01-12 15:13:44-06:00,2021-01-12 15:28:59-06:00,11.3451783657074,min
HKWorkoutActivityTypeRunning,2021-01-12 15:47:52-06:00,2021-01-12 15:28:59-06:00,2021-01-12 15:47:51-06:00,15.08838971654574,min
HKWorkoutActivityTypeRunning,2021-01-12 16:04:13-06:00,2021-01-12 15:47:51-06:00,2021-01-12 16:04:12-06:00,15.82548048297564,min
HKWorkoutActivityTypeRunning,2021-01-13 16:11:49-06:00,2021-01-13 15:14:08-06:00,2021-01-13 16:11:47-06:00,37.36709509889285,min
HKWorkoutActivityTypeRunning,2021-01-14 16:15:08-06:00,2021-01-14 15:21:54-06:00,2021-01-14 16:15:06-06:00,39.83958239952723,min
HKWorkoutActivityTypeRunning,2021-01-15 16:49:27-06:00,2021-01-15 15:14:47-06:00,2021-01-15 16:49:26-06:00,7.373243137200673,min
HKWorkoutActivityTypeRunning,2021-01-16 16:09:44-06:00,2021-01-16 15:08:26-06:00,2021-01-16 16:09:42-06:00,60.01802516976992,min
HKWorkoutActivityTypeRunning,2021-01-18 11:10:04-06:00,2021-01-18 10:08:24-06:00,2021-01-18 11:10:01-06:00,31.90201410452525,min
HKWorkoutActivityTypeRunning,2021-01-19 15:27:50-06:00,2021-01-19 15:08:17-06:00,2021-01-19 15:27:49-06:00,14.80286276737849,min
HKWorkoutActivityTypeRunning,2021-01-19 15:52:32-06:00,2021-01-19 15:27:49-06:00,2021-01-19 15:52:30-06:00,20.00305243333181,min
HKWorkoutActivityTypeRunning,2021-01-19 16:06:35-06:00,2021-01-19 15:52:30-06:00,2021-01-19 16:06:34-06:00,11.00554943084717,min
HKWorkoutActivityTypeRunning,2021-01-20 16:07:18-06:00,2021-01-20 15:09:50-06:00,2021-01-20 16:07:17-06:00,40.05304983059565,min
HKWorkoutActivityTypeRunning,2021-01-21 16:08:53-06:00,2021-01-21 15:06:47-06:00,2021-01-21 16:08:51-06:00,43.19134654998779,min
HKWorkoutActivityTypeRunning,2021-01-22 16:08:24-06:00,2021-01-22 15:23:14-06:00,2021-01-22 16:08:23-06:00,4.370489398638408,min
HKWorkoutActivityTypeRunning,2021-01-25 16:09:42-06:00,2021-01-25 15:13:14-06:00,2021-01-25 16:09:40-06:00,23.70630401770274,min
HKWorkoutActivityTypeRunning,2021-01-26 16:07:39-06:00,2021-01-26 15:08:28-06:00,2021-01-26 16:07:37-06:00,30.42385700146357,min
HKWorkoutActivityTypeRunning,2021-01-27 15:34:43-06:00,2021-01-27 15:03:00-06:00,2021-01-27 15:34:42-06:00,31.15811536709468,min
HKWorkoutActivityTypeRunning,2021-01-29 16:10:54-06:00,2021-01-29 15:07:28-06:00,2021-01-29 16:10:53-06:00,9.755174080530802,min
HKWorkoutActivityTypeRunning,2021-01-30 09:55:05-06:00,2021-01-30 09:15:10-06:00,2021-01-30 09:55:03-06:00,32.46685770153999,min
HKWorkoutActivityTypeWalking,2021-01-30 13:31:04-06:00,2021-01-30 12:58:21-06:00,2021-01-30 13:31:03-06:00,32.70355083346367,min
HKWorkoutActivityTypeRunning,2021-02-01 16:18:18-06:00,2021-02-01 15:10:09-06:00,2021-02-01 16:18:16-06:00,38.62673581639925,min
HKWorkoutActivityTypeRunning,2021-02-02 15:20:40-06:00,2021-02-02 14:59:23-06:00,2021-02-02 15:20:39-06:00,11.18587013483048,min
HKWorkoutActivityTypeRunning,2021-02-02 15:39:34-06:00,2021-02-02 15:20:39-06:00,2021-02-02 15:39:32-06:00,15.06554771661758,min
HKWorkoutActivityTypeRunning,2021-02-02 15:52:23-06:00,2021-02-02 15:39:32-06:00,2021-02-02 15:52:22-06:00,9.824076765775681,min
HKWorkoutActivityTypeRunning,2021-02-03 15:45:51-06:00,2021-02-03 15:10:23-06:00,2021-02-03 15:45:49-06:00,33.01431993047397,min
HKWorkoutActivityTypeElliptical,2021-02-04 13:16:03-06:00,2021-02-04 12:44:48-06:00,2021-02-04 13:16:02-06:00,30.00736861626307,min
HKWorkoutActivityTypeCoreTraining,2021-02-04 13:29:34-06:00,2021-02-04 13:22:21-06:00,2021-02-04 13:29:34-06:00,3.795118170976639,min
HKWorkoutActivityTypeElliptical,2021-02-06 10:41:15-06:00,2021-02-06 10:10:42-06:00,2021-02-06 10:41:14-06:00,30.07503664890925,min
HKWorkoutActivityTypeElliptical,2021-02-08 16:59:53-06:00,2021-02-08 16:29:15-06:00,2021-02-08 16:59:52-06:00,30.00897198319435,min
HKWorkoutActivityTypeElliptical,2021-02-09 14:54:44-06:00,2021-02-09 14:24:12-06:00,2021-02-09 14:54:43-06:00,30.00990815162659,min
HKWorkoutActivityTypeRunning,2021-02-10 16:07:59-06:00,2021-02-10 15:09:35-06:00,2021-02-10 16:07:58-06:00,19.97116063833237,min
HKWorkoutActivityTypeRunning,2021-02-11 15:23:57-06:00,2021-02-11 14:47:25-06:00,2021-02-11 15:23:55-06:00,35.18215876619021,min
HKWorkoutActivityTypeRunning,2021-02-12 16:12:39-06:00,2021-02-12 15:22:16-06:00,2021-02-12 16:12:38-06:00,7.91957621773084,min
HKWorkoutActivityTypeRunning,2021-02-16 15:20:50-06:00,2021-02-16 14:58:43-06:00,2021-02-16 15:20:48-06:00,11.05818314949672,min
HKWorkoutActivityTypeRunning,2021-02-16 15:39:52-06:00,2021-02-16 15:20:48-06:00,2021-02-16 15:39:51-06:00,14.99760361711184,min
HKWorkoutActivityTypeRunning,2021-02-16 15:51:59-06:00,2021-02-16 15:39:51-06:00,2021-02-16 15:51:58-06:00,6.181244732936223,min
HKWorkoutActivityTypeRunning,2021-02-17 16:03:52-06:00,2021-02-17 15:14:49-06:00,2021-02-17 16:03:51-06:00,21.58678615093231,min
HKWorkoutActivityTypeRunning,2021-02-18 16:03:50-06:00,2021-02-18 15:00:17-06:00,2021-02-18 16:03:49-06:00,43.82059478163719,min
HKWorkoutActivityTypeRunning,2021-02-20 05:44:37-06:00,2021-02-19 15:07:36-06:00,2021-02-20 05:44:34-06:00,5.807612333695094,min
HKWorkoutActivityTypeRunning,2021-02-20 12:14:10-06:00,2021-02-20 11:09:55-06:00,2021-02-20 12:14:03-06:00,56.51673484841982,min
HKWorkoutActivityTypeRunning,2021-02-22 15:55:26-06:00,2021-02-22 15:10:34-06:00,2021-02-22 15:55:24-06:00,34.87641362746557,min
HKWorkoutActivityTypeRunning,2021-02-23 16:03:03-06:00,2021-02-23 15:01:28-06:00,2021-02-23 16:03:01-06:00,45.86022074818611,min
HKWorkoutActivityTypeRunning,2021-02-24 15:59:14-06:00,2021-02-24 15:25:55-06:00,2021-02-24 15:59:12-06:00,30.0111444513003,min
HKWorkoutActivityTypeRunning,2021-02-25 16:05:11-06:00,2021-02-25 14:58:33-06:00,2021-02-25 16:05:08-06:00,53.66315005024274,min
HKWorkoutActivityTypeRunning,2021-02-26 10:18:31-06:00,2021-02-26 09:08:28-06:00,2021-02-26 10:18:30-06:00,5.36406833132108,min
HKWorkoutActivityTypeRunning,2021-02-27 10:10:49-06:00,2021-02-27 09:07:06-06:00,2021-02-27 10:10:46-06:00,51.88784215052922,min
HKWorkoutActivityTypeRunning,2021-03-01 16:10:14-06:00,2021-03-01 15:08:21-06:00,2021-03-01 16:10:12-06:00,35.64961821635564,min
HKWorkoutActivityTypeRunning,2021-03-02 13:49:19-06:00,2021-03-02 12:58:51-06:00,2021-03-02 13:49:17-06:00,35.09085533420245,min
HKWorkoutActivityTypeRunning,2021-03-03 16:09:16-06:00,2021-03-03 15:13:53-06:00,2021-03-03 16:09:14-06:00,38.4666608830293,min
HKWorkoutActivityTypeRunning,2021-03-04 15:24:41-06:00,2021-03-04 14:56:30-06:00,2021-03-04 15:24:39-06:00,19.0131214996179,min
HKWorkoutActivityTypeRunning,2021-03-04 15:38:29-06:00,2021-03-04 15:24:39-06:00,2021-03-04 15:38:27-06:00,11.9524255156517,min
HKWorkoutActivityTypeRunning,2021-03-04 15:59:51-06:00,2021-03-04 15:38:27-06:00,2021-03-04 15:59:50-06:00,20.1506107310454,min
HKWorkoutActivityTypeRunning,2021-03-05 16:10:53-06:00,2021-03-05 15:02:16-06:00,2021-03-05 16:10:52-06:00,6.94486358165741,min
HKWorkoutActivityTypeRunning,2021-03-06 10:10:49-06:00,2021-03-06 09:08:26-06:00,2021-03-06 10:10:47-06:00,53.94967014789582,min
HKWorkoutActivityTypeRunning,2021-03-08 15:54:15-06:00,2021-03-08 15:10:00-06:00,2021-03-08 15:54:13-06:00,40.27055284778277,min
HKWorkoutActivityTypeRunning,2021-03-09 16:10:22-06:00,2021-03-09 14:56:54-06:00,2021-03-09 16:10:20-06:00,39.2104068338871,min
HKWorkoutActivityTypeRunning,2021-03-10 16:04:25-06:00,2021-03-10 15:09:45-06:00,2021-03-10 16:04:23-06:00,19.48866846760114,min
HKWorkoutActivityTypeRunning,2021-03-11 15:21:56-06:00,2021-03-11 14:58:46-06:00,2021-03-11 15:21:55-06:00,10.9920780479908,min
HKWorkoutActivityTypeRunning,2021-03-11 15:41:22-06:00,2021-03-11 15:21:55-06:00,2021-03-11 15:41:20-06:00,15.08393724958102,min
HKWorkoutActivityTypeRunning,2021-03-11 15:48:31-06:00,2021-03-11 15:41:20-06:00,2021-03-11 15:48:30-06:00,6.956668732563655,min
HKWorkoutActivityTypeRunning,2021-03-12 16:08:45-06:00,2021-03-12 15:03:41-06:00,2021-03-12 16:08:44-06:00,8.14086460073789,min
HKWorkoutActivityTypeRunning,2021-03-13 10:12:35-06:00,2021-03-13 09:08:39-06:00,2021-03-13 10:12:32-06:00,54.68896670142809,min
HKWorkoutActivityTypeRunning,2021-03-16 14:28:48-06:00,2021-03-16 13:57:44-06:00,2021-03-16 14:28:46-06:00,11.44995745023092,min
HKWorkoutActivityTypeRunning,2021-03-16 15:09:15-06:00,2021-03-16 14:28:46-06:00,2021-03-16 15:09:13-06:00,12.96724059979121,min
HKWorkoutActivityTypeRunning,2021-03-16 15:16:48-06:00,2021-03-16 15:10:28-06:00,2021-03-16 15:16:48-06:00,6.22424751718839,min
HKWorkoutActivityTypeRunning,2021-03-17 15:17:52-06:00,2021-03-17 14:07:15-06:00,2021-03-17 15:17:50-06:00,12.92908914883932,min
HKWorkoutActivityTypeRunning,2021-03-18 15:12:49-06:00,2021-03-18 14:02:27-06:00,2021-03-18 15:12:47-06:00,52.35498251318931,min
HKWorkoutActivityTypeRunning,2021-03-20 08:18:41-06:00,2021-03-20 07:11:07-06:00,2021-03-20 08:18:39-06:00,55.97261184851329,min
HKWorkoutActivityTypeRunning,2021-03-22 15:00:22-06:00,2021-03-22 14:09:32-06:00,2021-03-22 15:00:20-06:00,42.0528555850188,min
HKWorkoutActivityTypeCoreTraining,2021-03-22 15:07:30-06:00,2021-03-22 15:02:52-06:00,2021-03-22 15:07:30-06:00,2.992116848627726,min
HKWorkoutActivityTypeRunning,2021-03-23 13:27:54-06:00,2021-03-23 12:22:04-06:00,2021-03-23 13:27:52-06:00,28.8681092997392,min
HKWorkoutActivityTypeRunning,2021-03-24 14:46:34-06:00,2021-03-24 14:06:45-06:00,2021-03-24 14:46:32-06:00,36.93909318447113,min
HKWorkoutActivityTypeRunning,2021-03-25 15:01:11-06:00,2021-03-25 13:55:24-06:00,2021-03-25 15:01:09-06:00,49.82287635008494,min
HKWorkoutActivityTypeRunning,2021-03-26 08:58:29-06:00,2021-03-26 08:11:03-06:00,2021-03-26 08:58:28-06:00,35.17915429870288,min
HKWorkoutActivityTypeRunning,2021-03-27 07:09:12-06:00,2021-03-27 06:37:05-06:00,2021-03-27 07:09:10-06:00,28.06236838301023,min
HKWorkoutActivityTypeRunning,2021-03-29 09:05:51-06:00,2021-03-29 08:06:51-06:00,2021-03-29 09:05:49-06:00,35.01237509846688,min
HKWorkoutActivityTypeRunning,2021-03-30 08:51:20-06:00,2021-03-30 08:09:47-06:00,2021-03-30 08:51:18-06:00,34.58730429808299,min
HKWorkoutActivityTypeRunning,2021-03-31 08:50:25-06:00,2021-03-31 08:12:23-06:00,2021-03-31 08:50:23-06:00,35.96828334927559,min
HKWorkoutActivityTypeRunning,2021-04-01 08:56:00-06:00,2021-04-01 08:17:31-06:00,2021-04-01 08:55:58-06:00,27.50853076577187,min
HKWorkoutActivityTypeRunning,2021-04-02 09:22:38-06:00,2021-04-02 08:11:02-06:00,2021-04-02 09:22:35-06:00,37.86541914741198,min
HKWorkoutActivityTypeCycling,2021-04-02 15:42:55-06:00,2021-04-02 12:13:09-06:00,2021-04-02 15:42:51-06:00,55.63083405097326,min
HKWorkoutActivityTypeRunning,2021-04-03 09:33:01-06:00,2021-04-03 08:13:23-06:00,2021-04-03 09:32:58-06:00,67.48075436751047,min
HKWorkoutActivityTypeRunning,2021-04-05 15:36:44-06:00,2021-04-05 14:31:17-06:00,2021-04-05 15:36:41-06:00,61.42431185245514,min
HKWorkoutActivityTypeRunning,2021-04-06 14:32:34-06:00,2021-04-06 14:03:50-06:00,2021-04-06 14:32:32-06:00,10.30984015067418,min
HKWorkoutActivityTypeRunning,2021-04-06 15:04:37-06:00,2021-04-06 14:32:32-06:00,2021-04-06 15:04:35-06:00,8.877840918302535,min
HKWorkoutActivityTypeRunning,2021-04-06 15:49:33-06:00,2021-04-06 15:04:35-06:00,2021-04-06 15:49:31-06:00,12.17966516812642,min
HKWorkoutActivityTypeRunning,2021-04-07 14:38:40-06:00,2021-04-07 13:58:14-06:00,2021-04-07 14:38:39-06:00,9.363564882675806,min
HKWorkoutActivityTypeRunning,2021-04-08 15:05:16-06:00,2021-04-08 14:01:18-06:00,2021-04-08 15:05:14-06:00,47.35977916717529,min
HKWorkoutActivityTypeCoreTraining,2021-04-08 15:48:52-06:00,2021-04-08 15:40:18-06:00,2021-04-08 15:48:52-06:00,3.06982204914093,min
HKWorkoutActivityTypeRunning,2021-04-09 14:33:55-06:00,2021-04-09 13:55:48-06:00,2021-04-09 14:33:53-06:00,31.46938959757487,min
HKWorkoutActivityTypeRunning,2021-04-12 15:09:33-06:00,2021-04-12 14:03:32-06:00,2021-04-12 15:09:31-06:00,58.9685463031133,min
HKWorkoutActivityTypeRunning,2021-04-13 15:52:55-06:00,2021-04-13 14:02:01-06:00,2021-04-13 15:52:53-06:00,48.95863739450773,min
HKWorkoutActivityTypeRunning,2021-04-14 05:26:13-06:00,2021-04-14 04:47:40-06:00,2021-04-14 05:26:11-06:00,26.50176214973132,min
HKWorkoutActivityTypeRunning,2021-04-14 14:34:10-06:00,2021-04-14 14:01:37-06:00,2021-04-14 14:34:08-06:00,31.61229018171628,min
HKWorkoutActivityTypeRunning,2021-04-15 15:30:32-06:00,2021-04-15 14:03:51-06:00,2021-04-15 15:30:30-06:00,41.33679695328077,min
HKWorkoutActivityTypeCoreTraining,2021-04-15 15:40:05-06:00,2021-04-15 15:30:30-06:00,2021-04-15 15:40:05-06:00,4.292711798350016,min
HKWorkoutActivityTypeRunning,2021-04-16 14:51:49-06:00,2021-04-16 14:06:14-06:00,2021-04-16 14:51:48-06:00,34.49182864824931,min
HKWorkoutActivityTypeRunning,2021-04-17 07:14:21-06:00,2021-04-17 05:43:37-06:00,2021-04-17 07:14:19-06:00,45.52587528427442,min
HKWorkoutActivityTypeWalking,2021-04-18 13:14:29-06:00,2021-04-18 12:32:25-06:00,2021-04-18 13:14:28-06:00,32.61248001654943,min
HKWorkoutActivityTypeRunning,2021-04-19 05:00:49-06:00,2021-04-19 04:49:03-06:00,2021-04-19 05:00:48-06:00,8.376500250895818,min
HKWorkoutActivityTypeRunning,2021-04-19 05:14:41-06:00,2021-04-19 05:09:19-06:00,2021-04-19 05:14:41-06:00,5.335577835639318,min
HKWorkoutActivityTypeRunning,2021-04-19 15:12:10-06:00,2021-04-19 14:18:08-06:00,2021-04-19 15:12:08-06:00,52.9864850004514,min
HKWorkoutActivityTypeCoreTraining,2021-04-19 15:50:08-06:00,2021-04-19 15:44:27-06:00,2021-04-19 15:50:08-06:00,3.802616079648336,min
HKWorkoutActivityTypeRunning,2021-04-20 14:38:27-06:00,2021-04-20 14:04:52-06:00,2021-04-20 14:38:26-06:00,31.41481604774793,min
HKWorkoutActivityTypeRunning,2021-04-21 15:46:21-06:00,2021-04-21 15:16:12-06:00,2021-04-21 15:46:20-06:00,10.23764616648356,min
HKWorkoutActivityTypeRunning,2021-04-21 16:41:31-06:00,2021-04-21 16:27:03-06:00,2021-04-21 16:41:30-06:00,2.534403884410858,min
HKWorkoutActivityTypeRunning,2021-04-21 17:14:52-06:00,2021-04-21 16:42:33-06:00,2021-04-21 17:14:51-06:00,5.206243300437928,min
HKWorkoutActivityTypeRunning,2021-04-22 15:20:42-06:00,2021-04-22 14:11:04-06:00,2021-04-22 15:20:39-06:00,39.40021661520004,min
HKWorkoutActivityTypeRunning,2021-04-23 15:11:20-06:00,2021-04-23 14:08:27-06:00,2021-04-23 15:11:18-06:00,30.96222618222237,min
HKWorkoutActivityTypeRunning,2021-04-24 09:05:33-06:00,2021-04-24 08:20:57-06:00,2021-04-24 09:05:31-06:00,40.00412772297859,min
HKWorkoutActivityTypeRunning,2021-04-25 07:54:52-06:00,2021-04-25 07:10:21-06:00,2021-04-25 07:54:50-06:00,25.00628066658974,min
HKWorkoutActivityTypeRunning,2021-04-26 05:28:03-06:00,2021-04-26 04:48:29-06:00,2021-04-26 05:28:01-06:00,16.97328709761302,min
HKWorkoutActivityTypeRunning,2021-04-26 15:09:42-06:00,2021-04-26 14:11:11-06:00,2021-04-26 15:09:40-06:00,51.66884550054868,min
HKWorkoutActivityTypeRunning,2021-04-27 14:26:41-06:00,2021-04-27 13:48:23-06:00,2021-04-27 14:26:39-06:00,34.48700968225797,min
HKWorkoutActivityTypeRunning,2021-04-28 14:53:37-06:00,2021-04-28 14:40:40-06:00,2021-04-28 14:53:35-06:00,11.09639540115992,min
HKWorkoutActivityTypeRunning,2021-04-28 15:58:04-06:00,2021-04-28 15:35:29-06:00,2021-04-28 15:58:02-06:00,11.58222618500392,min
HKWorkoutActivityTypeRunning,2021-04-28 16:06:40-06:00,2021-04-28 15:59:01-06:00,2021-04-28 16:06:39-06:00,5.822786249717077,min
HKWorkoutActivityTypeRunning,2021-04-29 14:38:54-06:00,2021-04-29 13:51:03-06:00,2021-04-29 14:38:52-06:00,31.30559773445129,min
HKWorkoutActivityTypeRunning,2021-04-30 14:18:26-06:00,2021-04-30 13:45:49-06:00,2021-04-30 14:18:24-06:00,31.36116631627083,min
HKWorkoutActivityTypeRunning,2021-05-03 05:18:34-06:00,2021-05-03 04:49:13-06:00,2021-05-03 05:18:30-06:00,15.62740376591682,min
HKWorkoutActivityTypeRunning,2021-05-03 15:01:53-06:00,2021-05-03 13:57:09-06:00,2021-05-03 15:01:50-06:00,54.4755253314972,min
HKWorkoutActivityTypeRunning,2021-05-04 14:47:25-06:00,2021-05-04 14:07:10-06:00,2021-05-04 14:47:23-06:00,33.15848301450411,min
HKWorkoutActivityTypeRunning,2021-05-05 16:04:18-06:00,2021-05-05 15:52:49-06:00,2021-05-05 16:04:17-06:00,9.970059982935588,min
HKWorkoutActivityTypeRunning,2021-05-05 16:43:19-06:00,2021-05-05 16:24:15-06:00,2021-05-05 16:43:18-06:00,5.431041047970454,min
HKWorkoutActivityTypeRunning,2021-05-05 16:50:02-06:00,2021-05-05 16:43:18-06:00,2021-05-05 16:50:01-06:00,4.86687541604042,min
HKWorkoutActivityTypeRunning,2021-05-06 14:44:46-06:00,2021-05-06 14:22:51-06:00,2021-05-06 14:44:45-06:00,18.57485771775246,min
HKWorkoutActivityTypeRunning,2021-05-06 15:00:38-06:00,2021-05-06 14:47:36-06:00,2021-05-06 15:00:36-06:00,9.334149136145909,min
HKWorkoutActivityTypeRunning,2021-05-07 14:20:56-06:00,2021-05-07 13:45:00-06:00,2021-05-07 14:20:54-06:00,31.05173271695773,min
HKWorkoutActivityTypeRunning,2021-05-10 05:18:39-06:00,2021-05-10 04:50:17-06:00,2021-05-10 05:18:37-06:00,12.13491476575533,min
HKWorkoutActivityTypeRunning,2021-05-10 14:53:53-06:00,2021-05-10 13:57:20-06:00,2021-05-10 14:53:51-06:00,52.98996749917666,min
HKWorkoutActivityTypeRunning,2021-05-11 14:19:43-06:00,2021-05-11 13:51:42-06:00,2021-05-11 14:19:42-06:00,11.00114208261172,min
HKWorkoutActivityTypeRunning,2021-05-11 15:03:05-06:00,2021-05-11 14:19:42-06:00,2021-05-11 15:03:03-06:00,25.16595434745153,min
HKWorkoutActivityTypeRunning,2021-05-12 15:02:11-06:00,2021-05-12 14:41:20-06:00,2021-05-12 15:02:09-06:00,10.65548431475957,min
HKWorkoutActivityTypeRunning,2021-05-12 16:12:18-06:00,2021-05-12 15:56:32-06:00,2021-05-12 16:12:16-06:00,2.533334449927012,min
HKWorkoutActivityTypeRunning,2021-05-12 16:51:04-06:00,2021-05-12 16:14:15-06:00,2021-05-12 16:51:03-06:00,13.38284431695938,min
HKWorkoutActivityTypeRunning,2021-05-13 14:32:17-06:00,2021-05-13 13:50:17-06:00,2021-05-13 14:32:15-06:00,30.01961718201637,min
HKWorkoutActivityTypeRunning,2021-05-14 14:23:22-06:00,2021-05-14 13:50:07-06:00,2021-05-14 14:23:20-06:00,31.36417188247045,min
HKWorkoutActivityTypeRunning,2021-05-15 09:16:45-06:00,2021-05-15 07:31:09-06:00,2021-05-15 09:16:42-06:00,18.30306898355484,min
HKWorkoutActivityTypeRunning,2021-05-15 09:42:51-06:00,2021-05-15 09:16:42-06:00,2021-05-15 09:42:50-06:00,11.38662730058034,min
HKWorkoutActivityTypeRunning,2021-05-15 10:22:48-06:00,2021-05-15 10:07:46-06:00,2021-05-15 10:22:47-06:00,14.12340648372968,min
HKWorkoutActivityTypeRunning,2021-05-17 15:17:11-06:00,2021-05-17 14:14:56-06:00,2021-05-17 15:17:09-06:00,46.14961753090223,min
HKWorkoutActivityTypeRunning,2021-05-18 14:25:32-06:00,2021-05-18 13:52:54-06:00,2021-05-18 14:25:30-06:00,29.57125058372815,min
HKWorkoutActivityTypeRunning,2021-05-19 16:42:42-06:00,2021-05-19 15:46:36-06:00,2021-05-19 16:42:40-06:00,10.08231656750043,min
HKWorkoutActivityTypeRunning,2021-05-19 17:01:49-06:00,2021-05-19 16:42:40-06:00,2021-05-19 17:01:48-06:00,5.285381466150284,min
HKWorkoutActivityTypeRunning,2021-05-20 14:58:02-06:00,2021-05-20 13:48:00-06:00,2021-05-20 14:58:00-06:00,31.230191330115,min
HKWorkoutActivityTypeRunning,2021-05-21 14:25:07-06:00,2021-05-21 13:52:13-06:00,2021-05-21 14:25:05-06:00,28.79994104901949,min
HKWorkoutActivityTypeRunning,2021-05-22 07:36:03-06:00,2021-05-22 07:13:42-06:00,2021-05-22 07:36:01-06:00,11.61065973242124,min
HKWorkoutActivityTypeRunning,2021-05-22 08:07:46-06:00,2021-05-22 07:36:01-06:00,2021-05-22 08:07:44-06:00,8.58620746533076,min
HKWorkoutActivityTypeRunning,2021-05-22 08:49:30-06:00,2021-05-22 08:07:44-06:00,2021-05-22 08:49:29-06:00,5.434450683991114,min
HKWorkoutActivityTypeRunning,2021-05-24 05:12:52-06:00,2021-05-24 04:49:38-06:00,2021-05-24 05:12:50-06:00,16.11058216889699,min
HKWorkoutActivityTypeRunning,2021-05-24 13:33:42-06:00,2021-05-24 12:22:47-06:00,2021-05-24 13:33:40-06:00,25.72466438015302,min
HKWorkoutActivityTypeRunning,2021-05-25 12:52:07-06:00,2021-05-25 12:08:48-06:00,2021-05-25 12:52:05-06:00,39.67745255231857,min
HKWorkoutActivityTypeRunning,2021-05-26 16:02:59-06:00,2021-05-26 15:35:05-06:00,2021-05-26 16:02:57-06:00,11.06920003294945,min
HKWorkoutActivityTypeRunning,2021-05-26 16:53:55-06:00,2021-05-26 16:42:18-06:00,2021-05-26 16:53:54-06:00,5.166882532835007,min
HKWorkoutActivityTypeRunning,2021-05-26 17:21:30-06:00,2021-05-26 17:11:11-06:00,2021-05-26 17:21:29-06:00,6.051283850272497,min
HKWorkoutActivityTypeRunning,2021-05-27 14:16:41-06:00,2021-05-27 13:49:15-06:00,2021-05-27 14:16:40-06:00,25.08956158359846,min
HKWorkoutActivityTypeRunning,2021-05-28 14:23:45-06:00,2021-05-28 13:45:51-06:00,2021-05-28 14:23:43-06:00,32.57253643075625,min
HKWorkoutActivityTypeRunning,2021-05-31 07:10:52-06:00,2021-05-31 06:52:18-06:00,2021-05-31 07:10:49-06:00,16.31632163325946,min
HKWorkoutActivityTypeRunning,2021-05-31 07:48:38-06:00,2021-05-31 07:19:07-06:00,2021-05-31 07:48:37-06:00,3.795471030473709,min
HKWorkoutActivityTypeRunning,2021-06-01 07:28:23-06:00,2021-06-01 06:46:10-06:00,2021-06-01 07:28:22-06:00,25.76840593417485,min
HKWorkoutActivityTypeRunning,2021-06-02 07:38:45-06:00,2021-06-02 06:44:37-06:00,2021-06-02 07:38:43-06:00,21.07008974949519,min
HKWorkoutActivityTypeRunning,2021-06-03 07:28:35-06:00,2021-06-03 06:53:13-06:00,2021-06-03 07:28:34-06:00,31.08112544814746,min
HKWorkoutActivityTypeRunning,2021-06-04 09:17:10-06:00,2021-06-04 09:04:30-06:00,2021-06-04 09:17:09-06:00,7.637609100341797,min
HKWorkoutActivityTypeRunning,2021-06-04 16:40:11-06:00,2021-06-04 16:11:15-06:00,2021-06-04 16:40:10-06:00,11.03612885077794,min
HKWorkoutActivityTypeRunning,2021-06-04 17:50:11-06:00,2021-06-04 17:25:12-06:00,2021-06-04 17:50:10-06:00,12.06643390258153,min
HKWorkoutActivityTypeRunning,2021-06-05 07:47:23-06:00,2021-06-05 06:59:46-06:00,2021-06-05 07:47:21-06:00,32.76972148021062,min
HKWorkoutActivityTypeRunning,2021-06-07 07:52:15-06:00,2021-06-07 06:51:20-06:00,2021-06-07 07:52:13-06:00,23.85485418041547,min
HKWorkoutActivityTypeRunning,2021-06-08 07:23:10-06:00,2021-06-08 06:46:16-06:00,2021-06-08 07:23:08-06:00,31.00659354925155,min
HKWorkoutActivityTypeRunning,2021-06-09 07:37:46-06:00,2021-06-09 07:05:52-06:00,2021-06-09 07:37:45-06:00,11.68715958396594,min
HKWorkoutActivityTypeRunning,2021-06-09 07:52:57-06:00,2021-06-09 07:37:45-06:00,2021-06-09 07:52:56-06:00,5.236719683806101,min
HKWorkoutActivityTypeWalking,2021-06-13 09:47:57-06:00,2021-06-13 09:09:12-06:00,2021-06-13 09:47:56-06:00,32.28703784942627,min
HKWorkoutActivityTypeHiking,2021-06-15 08:32:31-06:00,2021-06-15 07:13:14-06:00,2021-06-15 08:32:29-06:00,79.01899753411611,min
HKWorkoutActivityTypeHiking,2021-06-15 12:09:53-06:00,2021-06-15 10:11:08-06:00,2021-06-15 12:09:50-06:00,80.94386558334033,min
HKWorkoutActivityTypeHiking,2021-06-16 12:11:46-06:00,2021-06-16 11:33:55-06:00,2021-06-16 12:11:44-06:00,37.82028983434041,min
HKWorkoutActivityTypeHiking,2021-06-16 20:45:30-06:00,2021-06-16 20:27:36-06:00,2021-06-16 20:45:29-06:00,17.78722166816393,min
HKWorkoutActivityTypeHiking,2021-06-17 10:21:25-06:00,2021-06-17 10:00:29-06:00,2021-06-17 10:21:24-06:00,20.88463051716487,min
HKWorkoutActivityTypeHiking,2021-06-18 11:15:48-06:00,2021-06-18 10:38:47-06:00,2021-06-18 11:15:47-06:00,36.39224866628647,min
HKWorkoutActivityTypeHiking,2021-06-19 11:36:40-06:00,2021-06-19 09:29:19-06:00,2021-06-19 11:36:37-06:00,101.1774933874607,min
HKWorkoutActivityTypeRunning,2021-06-21 08:43:42-06:00,2021-06-21 08:26:32-06:00,2021-06-21 08:43:41-06:00,10.02716396848361,min
HKWorkoutActivityTypeHiking,2021-06-21 12:10:22-06:00,2021-06-21 11:43:17-06:00,2021-06-21 12:10:21-06:00,9.205788268645604,min
HKWorkoutActivityTypeHiking,2021-06-23 10:53:46-06:00,2021-06-23 10:25:40-06:00,2021-06-23 10:53:44-06:00,28.06719466646512,min
HKWorkoutActivityTypeRunning,2021-06-28 06:35:07-06:00,2021-06-28 05:47:35-06:00,2021-06-28 06:35:05-06:00,31.94664080142975,min
HKWorkoutActivityTypeRunning,2021-06-29 07:11:10-06:00,2021-06-29 05:43:16-06:00,2021-06-29 07:11:07-06:00,33.72349491715431,min
HKWorkoutActivityTypeRunning,2021-06-30 06:08:02-06:00,2021-06-30 05:49:07-06:00,2021-06-30 06:08:00-06:00,9.628128216663997,min
HKWorkoutActivityTypeRunning,2021-06-30 06:18:51-06:00,2021-06-30 06:08:00-06:00,2021-06-30 06:18:49-06:00,9.208721015850703,min
HKWorkoutActivityTypeRunning,2021-06-30 06:45:30-06:00,2021-06-30 06:18:49-06:00,2021-06-30 06:45:28-06:00,20.28250506718954,min
HKWorkoutActivityTypeRunning,2021-07-01 06:35:05-06:00,2021-07-01 05:48:48-06:00,2021-07-01 06:35:03-06:00,34.81263575553894,min
HKWorkoutActivityTypeRunning,2021-07-02 06:27:59-06:00,2021-07-02 05:40:55-06:00,2021-07-02 06:27:57-06:00,45.29604440132777,min
HKWorkoutActivityTypeRunning,2021-07-03 09:14:47-06:00,2021-07-03 08:34:52-06:00,2021-07-03 09:14:45-06:00,28.96554870009422,min
HKWorkoutActivityTypeRunning,2021-07-05 06:44:51-06:00,2021-07-05 05:53:25-06:00,2021-07-05 06:44:47-06:00,41.26827410260837,min
HKWorkoutActivityTypeRunning,2021-07-06 06:36:52-06:00,2021-07-06 05:52:32-06:00,2021-07-06 06:36:49-06:00,41.41736671725909,min
HKWorkoutActivityTypeRunning,2021-07-08 08:29:01-06:00,2021-07-08 07:43:49-06:00,2021-07-08 08:28:59-06:00,30.65259873668353,min
HKWorkoutActivityTypeRunning,2021-07-09 06:47:37-06:00,2021-07-09 05:46:55-06:00,2021-07-09 06:47:35-06:00,45.12317243218422,min
HKWorkoutActivityTypeRunning,2021-07-10 09:35:38-06:00,2021-07-10 08:52:49-06:00,2021-07-10 09:35:33-06:00,32.10766123731931,min
HKWorkoutActivityTypeRunning,2021-07-12 06:55:54-06:00,2021-07-12 05:53:12-06:00,2021-07-12 06:55:49-06:00,51.40405081510544,min
HKWorkoutActivityTypeRunning,2021-07-13 06:44:51-06:00,2021-07-13 05:46:59-06:00,2021-07-13 06:44:49-06:00,41.79996118545532,min
HKWorkoutActivityTypeCycling,2021-07-13 19:09:09-06:00,2021-07-13 18:30:44-06:00,2021-07-13 19:09:07-06:00,38.3758325000604,min
HKWorkoutActivityTypeRunning,2021-07-14 06:08:42-06:00,2021-07-14 05:48:16-06:00,2021-07-14 06:08:41-06:00,10.12450225154559,min
HKWorkoutActivityTypeRunning,2021-07-14 06:38:06-06:00,2021-07-14 06:08:41-06:00,2021-07-14 06:38:04-06:00,14.84279070099195,min
HKWorkoutActivityTypeRunning,2021-07-14 06:46:37-06:00,2021-07-14 06:38:04-06:00,2021-07-14 06:46:35-06:00,8.466888932387034,min
HKWorkoutActivityTypeRunning,2021-07-15 10:18:53-06:00,2021-07-15 09:28:18-06:00,2021-07-15 10:18:51-06:00,40.00484293500583,min
HKWorkoutActivityTypeRunning,2021-07-16 07:07:20-06:00,2021-07-16 05:49:03-06:00,2021-07-16 07:07:17-06:00,58.77260126670202,min
HKWorkoutActivityTypeRunning,2021-07-17 09:09:13-06:00,2021-07-17 08:42:48-06:00,2021-07-17 09:09:11-06:00,24.03308934966723,min
HKWorkoutActivityTypeRunning,2021-07-19 07:03:05-06:00,2021-07-19 05:55:36-06:00,2021-07-19 07:03:03-06:00,44.54274478157361,min
HKWorkoutActivityTypeRunning,2021-07-20 06:37:38-06:00,2021-07-20 05:54:18-06:00,2021-07-20 06:37:36-06:00,39.08691643277804,min
HKWorkoutActivityTypeRunning,2021-07-21 06:51:09-06:00,2021-07-21 05:50:35-06:00,2021-07-21 06:51:06-06:00,41.4524200340112,min
HKWorkoutActivityTypeRunning,2021-07-22 06:31:22-06:00,2021-07-22 05:50:07-06:00,2021-07-22 06:31:19-06:00,35.74738070170085,min
HKWorkoutActivityTypeRunning,2021-07-23 04:41:44-06:00,2021-07-23 04:12:34-06:00,2021-07-23 04:41:42-06:00,28.00726193388303,min
HKWorkoutActivityTypeRunning,2021-07-24 06:51:05-06:00,2021-07-24 05:36:56-06:00,2021-07-24 06:51:02-06:00,62.72205744981765,min
HKWorkoutActivityTypeRunning,2021-07-26 07:07:54-06:00,2021-07-26 06:25:01-06:00,2021-07-26 07:07:52-06:00,35.06436338226001,min
HKWorkoutActivityTypeRunning,2021-07-27 06:34:01-06:00,2021-07-27 05:56:07-06:00,2021-07-27 06:33:58-06:00,30.04453788598379,min
HKWorkoutActivityTypeRunning,2021-07-28 06:49:59-06:00,2021-07-28 06:13:17-06:00,2021-07-28 06:49:57-06:00,30.09044699668884,min
HKWorkoutActivityTypeRunning,2021-07-29 06:53:12-06:00,2021-07-29 06:02:05-06:00,2021-07-29 06:53:10-06:00,20.31189083456993,min
HKWorkoutActivityTypeWalking,2021-07-31 10:07:08-06:00,2021-07-31 09:07:16-06:00,2021-07-31 10:07:07-06:00,16.34365911881129,min
HKWorkoutActivityTypeRunning,2021-08-01 16:01:42-06:00,2021-08-01 15:42:36-06:00,2021-08-01 16:01:40-06:00,15.00985158284505,min
HKWorkoutActivityTypeRunning,2021-08-02 06:56:03-06:00,2021-08-02 05:45:45-06:00,2021-08-02 06:56:00-06:00,33.90271714727084,min
HKWorkoutActivityTypeRunning,2021-08-03 06:51:53-06:00,2021-08-03 05:46:58-06:00,2021-08-03 06:51:50-06:00,27.24072984457016,min
HKWorkoutActivityTypeCycling,2021-08-03 13:10:28-06:00,2021-08-03 12:22:42-06:00,2021-08-03 13:10:25-06:00,36.97799826661745,min
HKWorkoutActivityTypeRunning,2021-08-04 06:36:43-06:00,2021-08-04 05:49:17-06:00,2021-08-04 06:36:40-06:00,36.8687364478906,min
HKWorkoutActivityTypeRunning,2021-08-05 07:13:53-06:00,2021-08-05 05:53:23-06:00,2021-08-05 07:13:50-06:00,33.88197003602981,min
HKWorkoutActivityTypeRunning,2021-08-05 14:49:08-06:00,2021-08-05 14:01:48-06:00,2021-08-05 14:49:06-06:00,29.12398638725281,min
HKWorkoutActivityTypeRunning,2021-08-06 06:54:59-06:00,2021-08-06 05:43:22-06:00,2021-08-06 06:54:56-06:00,59.64271250168483,min
HKWorkoutActivityTypeRunning,2021-08-07 08:13:32-06:00,2021-08-07 07:42:52-06:00,2021-08-07 08:13:31-06:00,24.78105823198954,min
HKWorkoutActivityTypeWalking,2021-08-07 09:32:20-06:00,2021-08-07 09:03:07-06:00,2021-08-07 09:32:18-06:00,29.1916388173898,min
HKWorkoutActivityTypeRunning,2021-08-09 07:11:30-06:00,2021-08-09 06:28:43-06:00,2021-08-09 07:11:28-06:00,40.00272219975789,min
HKWorkoutActivityTypeRunning,2021-08-09 15:11:36-06:00,2021-08-09 14:18:05-06:00,2021-08-09 15:11:33-06:00,29.84079885085424,min
HKWorkoutActivityTypeRunning,2021-08-11 05:21:49-06:00,2021-08-11 04:47:44-06:00,2021-08-11 05:21:47-06:00,29.55719894766808,min
HKWorkoutActivityTypeRunning,2021-08-12 05:09:56-06:00,2021-08-12 04:49:20-06:00,2021-08-12 05:09:54-06:00,11.70940600037575,min
HKWorkoutActivityTypeRunning,2021-08-12 05:27:37-06:00,2021-08-12 05:09:54-06:00,2021-08-12 05:27:35-06:00,15.00598926742872,min
HKWorkoutActivityTypeRunning,2021-08-12 05:31:34-06:00,2021-08-12 05:27:35-06:00,2021-08-12 05:31:33-06:00,3.97122806708018,min
HKWorkoutActivityTypeRunning,2021-08-13 14:37:55-06:00,2021-08-13 14:04:20-06:00,2021-08-13 14:37:53-06:00,29.74002879858017,min
HKWorkoutActivityTypeRunning,2021-08-14 07:01:28-06:00,2021-08-14 06:39:15-06:00,2021-08-14 07:01:26-06:00,10.09326691826185,min
HKWorkoutActivityTypeRunning,2021-08-14 07:36:53-06:00,2021-08-14 07:19:55-06:00,2021-08-14 07:36:52-06:00,12.81964616576831,min
HKWorkoutActivityTypeRunning,2021-08-14 08:22:09-06:00,2021-08-14 07:53:39-06:00,2021-08-14 08:22:07-06:00,18.13335553208987,min
HKWorkoutActivityTypeRunning,2021-08-16 05:26:41-06:00,2021-08-16 05:02:03-06:00,2021-08-16 05:26:39-06:00,12.65888676643372,min
HKWorkoutActivityTypeRunning,2021-08-16 15:13:17-06:00,2021-08-16 14:02:02-06:00,2021-08-16 15:13:13-06:00,59.59023428360621,min
HKWorkoutActivityTypeRunning,2021-08-17 14:22:48-06:00,2021-08-17 14:02:13-06:00,2021-08-17 14:22:47-06:00,10.3089923342069,min
HKWorkoutActivityTypeRunning,2021-08-17 14:42:14-06:00,2021-08-17 14:22:47-06:00,2021-08-17 14:42:12-06:00,15.03070574998856,min
HKWorkoutActivityTypeRunning,2021-08-17 14:53:09-06:00,2021-08-17 14:42:13-06:00,2021-08-17 14:53:07-06:00,9.75187048514684,min
HKWorkoutActivityTypeRunning,2021-08-18 05:32:18-06:00,2021-08-18 05:03:00-06:00,2021-08-18 05:32:17-06:00,26.22223510146141,min
HKWorkoutActivityTypeRunning,2021-08-18 14:43:51-06:00,2021-08-18 14:05:07-06:00,2021-08-18 14:43:49-06:00,33.56519036690394,min
HKWorkoutActivityTypeRunning,2021-08-19 15:11:16-06:00,2021-08-19 14:04:41-06:00,2021-08-19 15:11:13-06:00,44.70137828389804,min
HKWorkoutActivityTypeRunning,2021-08-20 14:40:25-06:00,2021-08-20 14:05:29-06:00,2021-08-20 14:40:23-06:00,32.6135094165802,min
HKWorkoutActivityTypeRunning,2021-08-21 07:11:18-06:00,2021-08-21 06:48:33-06:00,2021-08-21 07:11:17-06:00,11.96002934972445,min
HKWorkoutActivityTypeRunning,2021-08-21 08:01:30-06:00,2021-08-21 07:22:09-06:00,2021-08-21 08:01:28-06:00,13.58291793664296,min
HKWorkoutActivityTypeRunning,2021-08-21 08:29:07-06:00,2021-08-21 08:01:28-06:00,2021-08-21 08:29:05-06:00,8.933382916450501,min
HKWorkoutActivityTypeRunning,2021-08-23 05:34:39-06:00,2021-08-23 04:50:37-06:00,2021-08-23 05:34:36-06:00,39.81672686537107,min
HKWorkoutActivityTypeRunning,2021-08-23 15:19:40-06:00,2021-08-23 14:05:03-06:00,2021-08-23 15:19:37-06:00,32.40632590055466,min
HKWorkoutActivityTypeRunning,2021-08-25 04:55:32-06:00,2021-08-25 04:37:26-06:00,2021-08-25 04:55:30-06:00,9.488079766432444,min
HKWorkoutActivityTypeRunning,2021-08-25 05:16:02-06:00,2021-08-25 04:55:30-06:00,2021-08-25 05:16:00-06:00,19.64206111629804,min
HKWorkoutActivityTypeRunning,2021-08-26 05:23:28-06:00,2021-08-26 04:51:39-06:00,2021-08-26 05:23:26-06:00,30.48480781515439,min
HKWorkoutActivityTypeRunning,2021-08-26 14:35:19-06:00,2021-08-26 14:03:13-06:00,2021-08-26 14:35:17-06:00,27.23977833588918,min
HKWorkoutActivityTypeRunning,2021-08-27 14:25:35-06:00,2021-08-27 14:08:19-06:00,2021-08-27 14:25:33-06:00,16.57883226474126,min
HKWorkoutActivityTypeRunning,2021-08-28 05:27:03-06:00,2021-08-28 05:17:43-06:00,2021-08-28 05:27:01-06:00,7.317247867584229,min
HKWorkoutActivityTypeRunning,2021-08-28 06:58:12-06:00,2021-08-28 06:11:53-06:00,2021-08-28 06:58:10-06:00,11.12496046622594,min
HKWorkoutActivityTypeRunning,2021-08-28 07:41:45-06:00,2021-08-28 06:58:10-06:00,2021-08-28 07:41:43-06:00,15.38477800091108,min
HKWorkoutActivityTypeRunning,2021-08-28 07:57:47-06:00,2021-08-28 07:41:43-06:00,2021-08-28 07:57:46-06:00,3.50211141705513,min
HKWorkoutActivityTypeRunning,2021-08-30 05:52:40-06:00,2021-08-30 05:03:17-06:00,2021-08-30 05:52:38-06:00,13.31850860317548,min
HKWorkoutActivityTypeWalking,2021-08-30 11:23:38-06:00,2021-08-30 11:01:27-06:00,2021-08-30 11:23:37-06:00,15.37834868828456,min
HKWorkoutActivityTypeRunning,2021-08-30 15:21:41-06:00,2021-08-30 14:07:51-06:00,2021-08-30 15:21:38-06:00,65.67210906545321,min
HKWorkoutActivityTypeRunning,2021-08-31 15:20:57-06:00,2021-08-31 14:01:28-06:00,2021-08-31 15:20:55-06:00,40.85625279943148,min
HKWorkoutActivityTypeRunning,2021-09-01 05:49:07-06:00,2021-09-01 05:04:34-06:00,2021-09-01 05:49:05-06:00,26.42683313290278,min
HKWorkoutActivityTypeRunning,2021-09-01 15:04:02-06:00,2021-09-01 14:17:14-06:00,2021-09-01 15:04:00-06:00,35.21491564909617,min
HKWorkoutActivityTypeRunning,2021-09-02 15:19:18-06:00,2021-09-02 14:04:17-06:00,2021-09-02 15:19:16-06:00,50.39973191420237,min
HKWorkoutActivityTypeRunning,2021-09-03 14:53:42-06:00,2021-09-03 14:22:10-06:00,2021-09-03 14:53:40-06:00,24.37887256542842,min
HKWorkoutActivityTypeRunning,2021-09-04 07:02:39-06:00,2021-09-04 06:42:52-06:00,2021-09-04 07:02:37-06:00,8.962373600403469,min
HKWorkoutActivityTypeRunning,2021-09-04 08:08:52-06:00,2021-09-04 07:24:33-06:00,2021-09-04 08:08:50-06:00,14.71948756575584,min
HKWorkoutActivityTypeRunning,2021-09-04 08:45:06-06:00,2021-09-04 08:09:52-06:00,2021-09-04 08:45:04-06:00,5.337145102024079,min
HKWorkoutActivityTypeRunning,2021-09-06 08:02:12-06:00,2021-09-06 06:52:18-06:00,2021-09-06 08:02:10-06:00,59.01824583411216,min
HKWorkoutActivityTypeRunning,2021-09-07 15:23:01-06:00,2021-09-07 14:17:54-06:00,2021-09-07 15:22:59-06:00,31.86617761651675,min
HKWorkoutActivityTypeRunning,2021-09-08 05:38:24-06:00,2021-09-08 05:02:27-06:00,2021-09-08 05:38:22-06:00,26.42489088376363,min
HKWorkoutActivityTypeRunning,2021-09-08 14:54:29-06:00,2021-09-08 14:03:57-06:00,2021-09-08 14:54:26-06:00,37.55238823493322,min
HKWorkoutActivityTypeRunning,2021-09-09 15:29:08-06:00,2021-09-09 14:01:28-06:00,2021-09-09 15:29:05-06:00,52.52321113348007,min
HKWorkoutActivityTypeRunning,2021-09-10 14:54:48-06:00,2021-09-10 14:09:14-06:00,2021-09-10 14:54:45-06:00,29.98523683349292,min
HKWorkoutActivityTypeRunning,2021-09-11 07:00:49-06:00,2021-09-11 06:46:24-06:00,2021-09-11 07:00:47-06:00,12.46961298386256,min
HKWorkoutActivityTypeRunning,2021-09-11 08:25:21-06:00,2021-09-11 07:26:54-06:00,2021-09-11 08:25:19-06:00,17.70781490206718,min
HKWorkoutActivityTypeRunning,2021-09-13 05:29:18-06:00,2021-09-13 05:02:08-06:00,2021-09-13 05:29:16-06:00,17.85806423425674,min
HKWorkoutActivityTypeRunning,2021-09-13 11:28:59-06:00,2021-09-13 11:04:03-06:00,2021-09-13 11:28:57-06:00,24.86891931692759,min
HKWorkoutActivityTypeRunning,2021-09-13 15:11:26-06:00,2021-09-13 14:04:12-06:00,2021-09-13 15:11:23-06:00,44.47338061928749,min
HKWorkoutActivityTypeRunning,2021-09-14 14:34:40-06:00,2021-09-14 14:05:56-06:00,2021-09-14 14:34:38-06:00,11.73566898306211,min
HKWorkoutActivityTypeRunning,2021-09-14 15:52:38-06:00,2021-09-14 14:34:38-06:00,2021-09-14 15:52:36-06:00,23.40922176639239,min
HKWorkoutActivityTypeRunning,2021-09-15 05:31:34-06:00,2021-09-15 05:02:27-06:00,2021-09-15 05:31:33-06:00,27.7498809337616,min
HKWorkoutActivityTypeRunning,2021-09-15 14:56:46-06:00,2021-09-15 14:15:10-06:00,2021-09-15 14:56:44-06:00,35.00081088145574,min
HKWorkoutActivityTypeRunning,2021-09-16 14:30:09-06:00,2021-09-16 14:02:42-06:00,2021-09-16 14:30:07-06:00,11.95105146765709,min
HKWorkoutActivityTypeRunning,2021-09-16 15:03:44-06:00,2021-09-16 14:30:07-06:00,2021-09-16 15:03:43-06:00,20.33342669804891,min
HKWorkoutActivityTypeRunning,2021-09-16 15:24:53-06:00,2021-09-16 15:03:48-06:00,2021-09-16 15:24:52-06:00,6.825445731480916,min
HKWorkoutActivityTypeRunning,2021-09-17 15:01:09-06:00,2021-09-17 13:57:18-06:00,2021-09-17 15:01:06-06:00,33.34037476579348,min
HKWorkoutActivityTypeRunning,2021-09-18 07:05:53-06:00,2021-09-18 06:46:25-06:00,2021-09-18 07:05:51-06:00,6.581856532891591,min
HKWorkoutActivityTypeRunning,2021-09-18 08:09:50-06:00,2021-09-18 07:36:09-06:00,2021-09-18 08:09:47-06:00,15.58283376693726,min
HKWorkoutActivityTypeRunning,2021-09-18 08:46:03-06:00,2021-09-18 08:09:48-06:00,2021-09-18 08:46:01-06:00,2.170679783821106,min
HKWorkoutActivityTypeRunning,2021-09-20 05:35:34-06:00,2021-09-20 05:05:40-06:00,2021-09-20 05:35:32-06:00,15.85043973525365,min
HKWorkoutActivityTypeRunning,2021-09-20 15:05:36-06:00,2021-09-20 14:03:05-06:00,2021-09-20 15:05:33-06:00,52.70959815184275,min
HKWorkoutActivityTypeRunning,2021-09-21 15:39:50-06:00,2021-09-21 14:01:40-06:00,2021-09-21 15:39:47-06:00,43.60687521497409,min
HKWorkoutActivityTypeRunning,2021-09-22 15:01:59-06:00,2021-09-22 14:01:19-06:00,2021-09-22 15:01:57-06:00,38.61372503240903,min
HKWorkoutActivityTypeRunning,2021-09-23 15:22:30-06:00,2021-09-23 14:11:14-06:00,2021-09-23 15:22:27-06:00,51.27743643522263,min
HKWorkoutActivityTypeRunning,2021-09-24 13:59:33-06:00,2021-09-24 13:17:13-06:00,2021-09-24 13:59:30-06:00,31.10470954974492,min
HKWorkoutActivityTypeRunning,2021-09-25 08:52:56-06:00,2021-09-25 08:36:35-06:00,2021-09-25 08:52:55-06:00,6.82177283167839,min
HKWorkoutActivityTypeRunning,2021-09-27 05:57:47-06:00,2021-09-27 05:03:38-06:00,2021-09-27 05:57:45-06:00,14.45877246658007,min
HKWorkoutActivityTypeRunning,2021-09-27 15:24:53-06:00,2021-09-27 14:05:54-06:00,2021-09-27 15:24:50-06:00,65.00376819968224,min
HKWorkoutActivityTypeRunning,2021-09-28 15:30:27-06:00,2021-09-28 14:05:33-06:00,2021-09-28 15:30:24-06:00,38.97666456302007,min
HKWorkoutActivityTypeRunning,2021-09-29 05:53:44-06:00,2021-09-29 05:02:41-06:00,2021-09-29 05:53:42-06:00,28.63907446463903,min
HKWorkoutActivityTypeRunning,2021-09-29 15:05:16-06:00,2021-09-29 14:14:49-06:00,2021-09-29 15:05:13-06:00,32.98454278508822,min
HKWorkoutActivityTypeRunning,2021-09-30 15:29:05-06:00,2021-09-30 14:09:22-06:00,2021-09-30 15:29:02-06:00,40.08773494958878,min
HKWorkoutActivityTypeRunning,2021-10-01 14:39:59-06:00,2021-10-01 14:03:35-06:00,2021-10-01 14:39:57-06:00,31.5983384013176,min
HKWorkoutActivityTypeRunning,2021-10-02 06:56:31-06:00,2021-10-02 06:18:52-06:00,2021-10-02 06:56:29-06:00,6.525442900260289,min
HKWorkoutActivityTypeRunning,2021-10-02 10:00:06-06:00,2021-10-02 09:36:45-06:00,2021-10-02 10:00:04-06:00,13.43729706803958,min
HKWorkoutActivityTypeRunning,2021-10-04 05:48:25-06:00,2021-10-04 05:05:17-06:00,2021-10-04 05:48:23-06:00,14.6359812160333,min
HKWorkoutActivityTypeWalking,2021-10-04 11:33:50-06:00,2021-10-04 10:56:47-06:00,2021-10-04 11:33:49-06:00,36.87137066721916,min
HKWorkoutActivityTypeRunning,2021-10-04 15:20:35-06:00,2021-10-04 14:13:38-06:00,2021-10-04 15:20:32-06:00,55.78257709741592,min
HKWorkoutActivityTypeRunning,2021-10-04 16:38:26-06:00,2021-10-04 15:25:25-06:00,2021-10-04 16:38:24-06:00,2.488188584645589,min
HKWorkoutActivityTypeRunning,2021-10-05 15:19:45-06:00,2021-10-05 14:01:10-06:00,2021-10-05 15:19:43-06:00,28.83216081261635,min
HKWorkoutActivityTypeRunning,2021-10-06 05:55:12-06:00,2021-10-06 05:03:39-06:00,2021-10-06 05:55:09-06:00,27.90764173467954,min
HKWorkoutActivityTypeRunning,2021-10-06 14:45:35-06:00,2021-10-06 14:03:40-06:00,2021-10-06 14:45:32-06:00,31.19132781426112,min
HKWorkoutActivityTypeRunning,2021-10-07 08:17:34-06:00,2021-10-07 06:42:17-06:00,2021-10-07 08:17:32-06:00,32.54522164861361,min
HKWorkoutActivityTypeRunning,2021-10-08 09:14:08-06:00,2021-10-08 08:08:01-06:00,2021-10-08 09:14:06-06:00,15.31699270208677,min
HKWorkoutActivityTypeRunning,2021-10-09 07:24:43-06:00,2021-10-09 07:21:45-06:00,2021-10-09 07:24:42-06:00,2.623389800389608,min
HKWorkoutActivityTypeRunning,2021-10-09 07:34:47-06:00,2021-10-09 07:24:47-06:00,2021-10-09 07:34:45-06:00,7.102902032931646,min
HKWorkoutActivityTypeRunning,2021-10-09 07:43:21-06:00,2021-10-09 07:34:58-06:00,2021-10-09 07:43:16-06:00,5.875000033775965,min
HKWorkoutActivityTypeRunning,2021-10-09 08:10:04-06:00,2021-10-09 07:43:51-06:00,2021-10-09 08:10:03-06:00,3.65486183365186,min
HKWorkoutActivityTypeRunning,2021-10-11 10:25:05-06:00,2021-10-11 10:01:32-06:00,2021-10-11 10:25:03-06:00,21.68102688193321,min
HKWorkoutActivityTypeRunning,2021-10-12 15:05:02-06:00,2021-10-12 14:17:58-06:00,2021-10-12 15:05:00-06:00,37.61511086821556,min
HKWorkoutActivityTypeRunning,2021-10-13 15:41:26-06:00,2021-10-13 15:29:42-06:00,2021-10-13 15:41:24-06:00,9.467252816756567,min
HKWorkoutActivityTypeRunning,2021-10-14 15:07:47-06:00,2021-10-14 14:03:40-06:00,2021-10-14 15:07:44-06:00,24.39899638493856,min
HKWorkoutActivityTypeRunning,2021-10-15 14:44:49-06:00,2021-10-15 14:05:45-06:00,2021-10-15 14:44:47-06:00,32.69265380104383,min
HKWorkoutActivityTypeRunning,2021-10-16 09:23:05-06:00,2021-10-16 09:09:39-06:00,2021-10-16 09:23:04-06:00,11.15395535031954,min
HKWorkoutActivityTypeRunning,2021-10-16 10:49:09-06:00,2021-10-16 10:37:36-06:00,2021-10-16 10:49:07-06:00,10.21805576682091,min
HKWorkoutActivityTypeWalking,2021-10-18 11:49:29-06:00,2021-10-18 11:02:02-06:00,2021-10-18 11:49:27-06:00,47.41147004961967,min
HKWorkoutActivityTypeRunning,2021-10-19 14:13:50-06:00,2021-10-19 13:57:35-06:00,2021-10-19 14:13:49-06:00,12.75183729926745,min
HKWorkoutActivityTypeRunning,2021-10-22 14:32:34-06:00,2021-10-22 13:58:24-06:00,2021-10-22 14:32:32-06:00,32.1681740184625,min
HKWorkoutActivityTypeRunning,2021-10-24 07:59:03-06:00,2021-10-24 06:15:00-06:00,2021-10-24 07:58:58-06:00,103.4085687319438,min
HKWorkoutActivityTypeCycling,2021-10-25 11:26:22-06:00,2021-10-25 10:59:19-06:00,2021-10-25 11:26:21-06:00,27.03718163371086,min
HKWorkoutActivityTypeRunning,2021-11-08 12:29:54-06:00,2021-11-08 11:58:43-06:00,2021-11-08 12:29:52-06:00,31.15419454971949,min
HKWorkoutActivityTypeWalking,2021-11-17 12:34:21-06:00,2021-11-17 12:02:50-06:00,2021-11-17 12:34:20-06:00,31.50038068294525,min
HKWorkoutActivityTypeRunning,2021-11-22 09:18:27-06:00,2021-11-22 08:39:28-06:00,2021-11-22 09:18:26-06:00,27.92745239933332,min
HKWorkoutActivityTypeRunning,2021-11-23 08:54:22-06:00,2021-11-23 08:02:36-06:00,2021-11-23 08:54:20-06:00,29.92736544807752,min
HKWorkoutActivityTypeRunning,2021-11-24 09:16:11-06:00,2021-11-24 08:12:12-06:00,2021-11-24 09:16:10-06:00,28.68131493727366,min
HKWorkoutActivityTypeRunning,2021-11-27 09:28:32-06:00,2021-11-27 08:31:16-06:00,2021-11-27 09:28:30-06:00,31.82261790037155,min
HKWorkoutActivityTypeRunning,2021-11-29 15:37:21-06:00,2021-11-29 14:45:16-06:00,2021-11-29 15:37:19-06:00,25.79291563431422,min
HKWorkoutActivityTypeRunning,2021-11-30 15:19:57-06:00,2021-11-30 14:46:37-06:00,2021-11-30 15:19:56-06:00,29.23923858602842,min
HKWorkoutActivityTypeWalking,2021-12-01 11:47:15-06:00,2021-12-01 11:24:40-06:00,2021-12-01 11:47:14-06:00,22.53727959990501,min
HKWorkoutActivityTypeRunning,2021-12-01 16:29:44-06:00,2021-12-01 13:51:57-06:00,2021-12-01 16:29:42-06:00,30.44420833190282,min
HKWorkoutActivityTypeRunning,2021-12-02 15:46:05-06:00,2021-12-02 14:46:46-06:00,2021-12-02 15:46:03-06:00,30.93623001774152,min
HKWorkoutActivityTypeRunning,2021-12-03 15:56:25-06:00,2021-12-03 15:14:02-06:00,2021-12-03 15:56:23-06:00,30.28920746644338,min
HKWorkoutActivityTypeRunning,2021-12-04 09:28:08-06:00,2021-12-04 08:41:56-06:00,2021-12-04 09:28:06-06:00,38.04227456649144,min
HKWorkoutActivityTypeRunning,2021-12-06 15:33:05-06:00,2021-12-06 14:48:53-06:00,2021-12-06 15:33:03-06:00,28.56676246523857,min
HKWorkoutActivityTypeRunning,2021-12-07 15:21:12-06:00,2021-12-07 14:46:55-06:00,2021-12-07 15:21:10-06:00,28.3199880818526,min
HKWorkoutActivityTypeElliptical,2021-12-08 11:59:59-06:00,2021-12-08 11:56:01-06:00,2021-12-08 11:59:59-06:00,3.94160121679306,min
HKWorkoutActivityTypeCycling,2021-12-08 12:45:16-06:00,2021-12-08 12:03:53-06:00,2021-12-08 12:45:15-06:00,22.22280953327815,min
HKWorkoutActivityTypeRunning,2021-12-08 15:52:23-06:00,2021-12-08 14:48:32-06:00,2021-12-08 15:52:21-06:00,34.86614558498065,min
HKWorkoutActivityTypeRunning,2021-12-13 12:28:27-06:00,2021-12-13 11:57:46-06:00,2021-12-13 12:28:25-06:00,30.66270521680514,min
HKWorkoutActivityTypeElliptical,2021-12-14 12:26:25-06:00,2021-12-14 11:58:33-06:00,2021-12-14 12:26:24-06:00,27.85898186763128,min
HKWorkoutActivityTypeElliptical,2021-12-14 15:18:49-06:00,2021-12-14 14:54:53-06:00,2021-12-14 15:18:48-06:00,20.038163681825,min
HKWorkoutActivityTypeElliptical,2021-12-15 13:48:55-06:00,2021-12-15 13:17:50-06:00,2021-12-15 13:48:54-06:00,30.04445875088374,min
HKWorkoutActivityTypeElliptical,2021-12-17 13:52:35-06:00,2021-12-17 13:19:07-06:00,2021-12-17 13:52:34-06:00,33.41788409948349,min
HKWorkoutActivityTypeCycling,2021-12-20 11:37:14-06:00,2021-12-20 09:15:13-06:00,2021-12-20 11:35:33-06:00,77.87731626828511,min
HKWorkoutActivityTypeCycling,2021-12-21 10:52:32-06:00,2021-12-21 09:17:13-06:00,2021-12-21 10:52:29-06:00,71.95652978221575,min
HKWorkoutActivityTypeCycling,2021-12-23 10:53:05-06:00,2021-12-23 09:37:51-06:00,2021-12-23 10:53:03-06:00,3.789865698417028,min
HKWorkoutActivityTypeElliptical,2022-01-05 15:34:55-06:00,2022-01-05 14:48:32-06:00,2022-01-05 15:34:54-06:00,29.95013238390287,min
HKWorkoutActivityTypeRunning,2022-01-06 14:52:54-06:00,2022-01-06 14:44:16-06:00,2022-01-06 14:52:54-06:00,5.635332266489665,min
HKWorkoutActivityTypeRunning,2022-01-07 15:15:11-06:00,2022-01-07 14:54:06-06:00,2022-01-07 15:15:10-06:00,20.39249698321025,min
HKWorkoutActivityTypeRunning,2022-01-10 15:20:53-06:00,2022-01-10 14:47:33-06:00,2022-01-10 15:20:52-06:00,28.91394414703051,min
HKWorkoutActivityTypeRunning,2022-01-11 15:33:01-06:00,2022-01-11 15:11:08-06:00,2022-01-11 15:33:00-06:00,16.63427271644274,min
HKWorkoutActivityTypeRunning,2022-01-12 14:40:27-06:00,2022-01-12 13:57:35-06:00,2022-01-12 14:40:26-06:00,23.73137388030688,min
HKWorkoutActivityTypeRunning,2022-01-13 15:30:30-06:00,2022-01-13 14:48:30-06:00,2022-01-13 15:30:29-06:00,31.66783679922422,min
HKWorkoutActivityTypeRunning,2022-01-14 15:21:55-06:00,2022-01-14 14:48:43-06:00,2022-01-14 15:21:53-06:00,30.08134766618411,min
HKWorkoutActivityTypeRunning,2022-01-15 14:53:52-06:00,2022-01-15 08:39:22-06:00,2022-01-15 14:53:50-06:00,37.0069897989432,min
HKWorkoutActivityTypeRunning,2022-01-17 09:36:04-06:00,2022-01-17 08:10:10-06:00,2022-01-17 09:36:01-06:00,64.75264984766642,min
HKWorkoutActivityTypeRunning,2022-01-18 09:14:33-06:00,2022-01-18 08:15:58-06:00,2022-01-18 09:14:31-06:00,48.17623751560847,min
HKWorkoutActivityTypeRunning,2022-01-19 15:13:29-06:00,2022-01-19 14:44:30-06:00,2022-01-19 15:13:27-06:00,26.92975178162257,min
HKWorkoutActivityTypeRunning,2022-01-21 16:02:41-06:00,2022-01-21 14:43:51-06:00,2022-01-21 16:02:39-06:00,44.37173098325729,min
HKWorkoutActivityTypeRunning,2022-01-22 08:40:58-06:00,2022-01-22 08:06:55-06:00,2022-01-22 08:40:56-06:00,22.48861823479335,min
HKWorkoutActivityTypeRunning,2022-01-24 16:16:25-06:00,2022-01-24 14:43:08-06:00,2022-01-24 15:46:33-06:00,17.45899058381717,min
HKWorkoutActivityTypeRunning,2022-01-25 16:40:03-06:00,2022-01-25 14:42:55-06:00,2022-01-25 16:40:01-06:00,15.29199593265851,min
HKWorkoutActivityTypeElliptical,2022-01-26 15:46:55-06:00,2022-01-26 15:14:38-06:00,2022-01-26 15:46:54-06:00,30.01190715034803,min
HKWorkoutActivityTypeRunning,2022-01-27 15:43:53-06:00,2022-01-27 14:46:32-06:00,2022-01-27 15:43:50-06:00,47.52361270189285,min
HKWorkoutActivityTypeRunning,2022-01-28 15:58:53-06:00,2022-01-28 14:50:37-06:00,2022-01-28 15:58:49-06:00,32.44699920018514,min
HKWorkoutActivityTypeElliptical,2022-01-31 12:19:02-06:00,2022-01-31 12:05:00-06:00,2022-01-31 12:19:02-06:00,13.98402106761932,min
HKWorkoutActivityTypeRunning,2022-01-31 16:06:47-06:00,2022-01-31 15:14:39-06:00,2022-01-31 16:06:45-06:00,38.59136688709259,min
HKWorkoutActivityTypeRunning,2022-02-01 15:49:15-06:00,2022-02-01 14:58:20-06:00,2022-02-01 15:49:13-06:00,31.07982190052668,min
HKWorkoutActivityTypeRunning,2022-02-03 15:27:56-06:00,2022-02-03 14:51:02-06:00,2022-02-03 15:27:54-06:00,32.38287124832471,min
HKWorkoutActivityTypeRunning,2022-02-04 16:46:26-06:00,2022-02-04 14:50:01-06:00,2022-02-04 16:46:24-06:00,33.02074681719144,min
HKWorkoutActivityTypeRunning,2022-02-05 09:12:12-06:00,2022-02-05 08:17:20-06:00,2022-02-05 09:12:10-06:00,32.79298316836357,min
HKWorkoutActivityTypeRunning,2022-02-07 11:13:11-06:00,2022-02-07 09:46:18-06:00,2022-02-07 11:13:10-06:00,16.97094958424568,min
HKWorkoutActivityTypeRunning,2022-02-08 16:08:56-06:00,2022-02-08 15:12:59-06:00,2022-02-08 16:08:55-06:00,32.23629469871521,min
HKWorkoutActivityTypeRunning,2022-02-09 15:53:10-06:00,2022-02-09 15:12:03-06:00,2022-02-09 15:53:09-06:00,36.54141248464585,min
HKWorkoutActivityTypeRunning,2022-02-10 16:01:24-06:00,2022-02-10 14:58:02-06:00,2022-02-10 16:01:23-06:00,29.53275015354156,min
HKWorkoutActivityTypeRunning,2022-02-11 16:09:19-06:00,2022-02-11 15:18:41-06:00,2022-02-11 16:09:18-06:00,32.43064424991608,min
HKWorkoutActivityTypeRunning,2022-02-12 14:57:37-06:00,2022-02-12 12:45:28-06:00,2022-02-12 14:57:36-06:00,9.871652150154114,min
HKWorkoutActivityTypeRunning,2022-02-14 16:47:04-06:00,2022-02-14 15:10:12-06:00,2022-02-14 16:47:02-06:00,62.38663148681323,min
HKWorkoutActivityTypeRunning,2022-02-15 16:04:41-06:00,2022-02-15 15:00:26-06:00,2022-02-15 16:04:40-06:00,40.30771661400795,min
HKWorkoutActivityTypeRunning,2022-02-16 06:30:46-06:00,2022-02-16 06:01:20-06:00,2022-02-16 06:30:45-06:00,26.65726321736971,min
HKWorkoutActivityTypeRunning,2022-02-16 16:02:16-06:00,2022-02-16 15:05:57-06:00,2022-02-16 16:02:15-06:00,33.12389870087306,min
HKWorkoutActivityTypeRunning,2022-02-17 15:47:34-06:00,2022-02-17 14:56:52-06:00,2022-02-17 15:47:33-06:00,45.10153678456943,min
HKWorkoutActivityTypeRunning,2022-02-18 15:49:03-06:00,2022-02-18 15:05:01-06:00,2022-02-18 15:49:01-06:00,38.11539686520894,min
HKWorkoutActivityTypeRunning,2022-02-19 08:13:35-06:00,2022-02-19 07:01:18-06:00,2022-02-19 08:13:33-06:00,51.06636571685473,min
HKWorkoutActivityTypeRunning,2022-02-21 10:17:35-06:00,2022-02-21 09:18:22-06:00,2022-02-21 10:17:34-06:00,48.28650043209394,min
HKWorkoutActivityTypeRunning,2022-02-22 16:06:50-06:00,2022-02-22 15:01:36-06:00,2022-02-22 16:06:48-06:00,41.94389185110728,min
HKWorkoutActivityTypeRunning,2022-02-23 16:26:04-06:00,2022-02-23 15:42:36-06:00,2022-02-23 16:26:03-06:00,18.18640781442324,min
HKWorkoutActivityTypeCycling,2022-02-24 16:40:16-06:00,2022-02-24 15:13:36-06:00,2022-02-24 16:40:15-06:00,35.03596863349279,min
HKWorkoutActivityTypeCycling,2022-02-25 15:43:34-06:00,2022-02-25 14:51:50-06:00,2022-02-25 15:43:33-06:00,30.03736150066058,min
HKWorkoutActivityTypeCycling,2022-02-26 09:09:36-06:00,2022-02-26 08:15:03-06:00,2022-02-26 09:09:35-06:00,50.01984991629919,min
HKWorkoutActivityTypeCycling,2022-02-28 15:41:29-06:00,2022-02-28 14:54:36-06:00,2022-02-28 15:41:28-06:00,45.01023016770681,min
HKWorkoutActivityTypeCycling,2022-03-01 15:43:02-06:00,2022-03-01 14:59:04-06:00,2022-03-01 15:43:01-06:00,35.01633033355077,min
HKWorkoutActivityTypeCycling,2022-03-02 15:44:06-06:00,2022-03-02 14:58:20-06:00,2022-03-02 15:44:05-06:00,45.00456203420957,min
HKWorkoutActivityTypeCycling,2022-03-03 16:01:31-06:00,2022-03-03 15:08:04-06:00,2022-03-03 16:01:30-06:00,32.03909766674042,min
HKWorkoutActivityTypeCycling,2022-03-05 08:23:29-06:00,2022-03-05 08:21:47-06:00,2022-03-05 08:23:28-06:00,1.625018632411957,min
HKWorkoutActivityTypeCycling,2022-03-05 10:06:17-06:00,2022-03-05 08:23:45-06:00,2022-03-05 10:06:16-06:00,30.00985871553421,min
HKWorkoutActivityTypeCycling,2022-03-07 12:23:05-06:00,2022-03-07 11:59:59-06:00,2022-03-07 12:23:04-06:00,23.05320168336232,min
HKWorkoutActivityTypeCycling,2022-03-07 15:51:24-06:00,2022-03-07 15:08:54-06:00,2022-03-07 15:51:23-06:00,40.165637165308,min
HKWorkoutActivityTypeCycling,2022-03-08 16:05:34-06:00,2022-03-08 14:50:20-06:00,2022-03-08 16:05:33-06:00,35.16953998406728,min
HKWorkoutActivityTypeCycling,2022-03-09 15:49:06-06:00,2022-03-09 15:16:50-06:00,2022-03-09 15:49:05-06:00,30.13457464973132,min
HKWorkoutActivityTypeCycling,2022-03-10 15:36:34-06:00,2022-03-10 15:00:58-06:00,2022-03-10 15:36:33-06:00,35.33595016797383,min
HKWorkoutActivityTypeCycling,2022-03-12 09:00:43-06:00,2022-03-12 08:06:59-06:00,2022-03-12 09:00:42-06:00,31.17423830032349,min
HKWorkoutActivityTypeCycling,2022-03-14 11:22:01-06:00,2022-03-14 11:03:33-06:00,2022-03-14 11:22:00-06:00,18.4064401169618,min
HKWorkoutActivityTypeCycling,2022-03-15 15:09:29-06:00,2022-03-15 13:55:20-06:00,2022-03-15 15:09:29-06:00,45.23288493156433,min
HKWorkoutActivityTypeCycling,2022-03-16 05:54:55-06:00,2022-03-16 05:03:33-06:00,2022-03-16 05:54:54-06:00,28.40044201612472,min
HKWorkoutActivityTypeCycling,2022-03-16 14:44:46-06:00,2022-03-16 13:50:26-06:00,2022-03-16 14:44:45-06:00,42.91067456801732,min
HKWorkoutActivityTypeCycling,2022-03-17 14:38:27-06:00,2022-03-17 13:51:30-06:00,2022-03-17 14:38:26-06:00,45.00787763396899,min
HKWorkoutActivityTypeCycling,2022-03-18 14:55:25-06:00,2022-03-18 13:53:26-06:00,2022-03-18 14:55:24-06:00,35.0050544500351,min
HKWorkoutActivityTypeCycling,2022-03-21 14:28:53-06:00,2022-03-21 14:11:17-06:00,2022-03-21 14:28:53-06:00,15.09308241804441,min
HKWorkoutActivityTypeRunning,2022-03-21 14:40:29-06:00,2022-03-21 14:29:00-06:00,2022-03-21 14:40:28-06:00,7.723469301064809,min
HKWorkoutActivityTypeCycling,2022-03-21 15:00:29-06:00,2022-03-21 14:40:37-06:00,2022-03-21 15:00:28-06:00,15.41521473328273,min
HKWorkoutActivityTypeCycling,2022-03-22 14:15:12-06:00,2022-03-22 13:57:20-06:00,2022-03-22 14:15:11-06:00,15.20439340074857,min
HKWorkoutActivityTypeRunning,2022-03-22 14:29:11-06:00,2022-03-22 14:15:11-06:00,2022-03-22 14:29:10-06:00,11.59342733422915,min
HKWorkoutActivityTypeCycling,2022-03-24 14:40:03-06:00,2022-03-24 13:53:21-06:00,2022-03-24 14:40:02-06:00,45.01134761571884,min
HKWorkoutActivityTypeRunning,2022-03-25 14:10:23-06:00,2022-03-25 13:52:48-06:00,2022-03-25 14:10:22-06:00,16.67114113370577,min
HKWorkoutActivityTypeRunning,2022-03-26 08:50:48-06:00,2022-03-26 08:16:24-06:00,2022-03-26 08:50:47-06:00,23.62660471598307,min
HKWorkoutActivityTypeCycling,2022-03-26 09:46:21-06:00,2022-03-26 08:50:47-06:00,2022-03-26 09:46:20-06:00,38.65000756780307,min
HKWorkoutActivityTypeRunning,2022-03-28 04:48:05-06:00,2022-03-28 04:17:33-06:00,2022-03-28 04:48:04-06:00,30.48250298301379,min
HKWorkoutActivityTypeWalking,2022-03-28 18:11:50-06:00,2022-03-28 15:42:17-06:00,2022-03-28 18:11:49-06:00,29.78092583815257,min
HKWorkoutActivityTypeWalking,2022-03-29 09:49:06-06:00,2022-03-29 06:05:44-06:00,2022-03-29 09:49:04-06:00,71.23893743554751,min
HKWorkoutActivityTypeWalking,2022-03-30 11:58:35-06:00,2022-03-30 11:22:03-06:00,2022-03-30 11:58:33-06:00,36.51333925127983,min
HKWorkoutActivityTypeRunning,2022-04-03 10:33:29-06:00,2022-04-03 09:40:32-06:00,2022-04-03 10:33:28-06:00,25.1735136171182,min
HKWorkoutActivityTypeRunning,2022-04-04 15:38:24-06:00,2022-04-04 14:10:47-06:00,2022-04-04 15:38:22-06:00,33.81952659885089,min
HKWorkoutActivityTypeWalking,2022-04-05 11:27:56-06:00,2022-04-05 11:01:11-06:00,2022-04-05 11:27:56-06:00,26.54859300851822,min
HKWorkoutActivityTypeRunning,2022-04-05 14:41:37-06:00,2022-04-05 14:07:50-06:00,2022-04-05 14:41:36-06:00,29.61023723483085,min
HKWorkoutActivityTypeRunning,2022-04-06 15:19:55-06:00,2022-04-06 14:06:40-06:00,2022-04-06 15:19:53-06:00,48.19962125023206,min
HKWorkoutActivityTypeRunning,2022-04-07 14:53:58-06:00,2022-04-07 14:04:58-06:00,2022-04-07 14:53:56-06:00,39.84112916588784,min
HKWorkoutActivityTypeRunning,2022-04-08 14:57:12-06:00,2022-04-08 14:14:14-06:00,2022-04-08 14:57:11-06:00,41.15371833244959,min
HKWorkoutActivityTypeRunning,2022-04-09 08:43:01-06:00,2022-04-09 08:16:27-06:00,2022-04-09 08:43:00-06:00,10.85362261732419,min
HKWorkoutActivityTypeRunning,2022-04-11 15:06:56-06:00,2022-04-11 14:06:19-06:00,2022-04-11 15:06:54-06:00,42.99928810000419,min
HKWorkoutActivityTypeRunning,2022-04-12 19:10:40-06:00,2022-04-12 16:27:59-06:00,2022-04-12 19:10:38-06:00,9.99216216802597,min
HKWorkoutActivityTypeRunning,2022-04-13 13:27:21-06:00,2022-04-13 12:26:14-06:00,2022-04-13 13:27:19-06:00,33.77990178465843,min
HKWorkoutActivityTypeCycling,2022-04-18 14:59:45-06:00,2022-04-18 14:22:20-06:00,2022-04-18 14:59:44-06:00,36.50297498504321,min
HKWorkoutActivityTypeCycling,2022-04-19 14:22:25-06:00,2022-04-19 13:48:29-06:00,2022-04-19 14:22:24-06:00,32.44840785066287,min
HKWorkoutActivityTypeCycling,2022-04-20 14:45:28-06:00,2022-04-20 14:04:32-06:00,2022-04-20 14:45:27-06:00,31.8179167330265,min
HKWorkoutActivityTypeCycling,2022-04-21 15:01:50-06:00,2022-04-21 14:22:36-06:00,2022-04-21 15:01:49-06:00,36.92918908397357,min
HKWorkoutActivityTypeCycling,2022-04-25 14:34:05-06:00,2022-04-25 13:47:12-06:00,2022-04-25 14:34:03-06:00,45.30671881635984,min
HKWorkoutActivityTypeCycling,2022-04-26 14:20:17-06:00,2022-04-26 13:43:25-06:00,2022-04-26 14:20:16-06:00,36.81754016677539,min
HKWorkoutActivityTypeCycling,2022-04-27 14:39:43-06:00,2022-04-27 14:00:17-06:00,2022-04-27 14:39:42-06:00,39.20888726711273,min
HKWorkoutActivityTypeWalking,2022-05-09 11:33:53-06:00,2022-05-09 10:59:59-06:00,2022-05-09 11:33:50-06:00,33.85887200832367,min
HKWorkoutActivityTypeWalking,2022-05-13 20:28:57-06:00,2022-05-13 17:02:01-06:00,2022-05-13 20:28:55-06:00,25.12644281586011,min
HKWorkoutActivityTypeWalking,2022-06-03 15:53:21-06:00,2022-06-03 15:32:27-06:00,2022-06-03 15:53:18-06:00,20.853798721234,min
HKWorkoutActivityTypeRunning,2022-06-13 07:09:03-06:00,2022-06-13 06:10:27-06:00,2022-06-13 07:09:02-06:00,15.17355023423831,min
HKWorkoutActivityTypeRunning,2022-06-15 07:12:08-06:00,2022-06-15 05:46:54-06:00,2022-06-15 07:12:07-06:00,41.86160959800085,min
HKWorkoutActivityTypeRunning,2022-06-17 06:33:27-06:00,2022-06-17 05:46:44-06:00,2022-06-17 06:33:26-06:00,20.33753933111826,min
HKWorkoutActivityTypeRunning,2022-06-20 06:55:05-06:00,2022-06-20 05:47:59-06:00,2022-06-20 06:55:03-06:00,29.07552635073662,min
HKWorkoutActivityTypeCycling,2022-06-21 06:29:14-06:00,2022-06-21 05:48:43-06:00,2022-06-21 06:29:12-06:00,39.51337038278579,min
HKWorkoutActivityTypeRunning,2022-06-22 07:18:59-06:00,2022-06-22 05:56:55-06:00,2022-06-22 07:18:58-06:00,30.68871823350588,min
HKWorkoutActivityTypeCycling,2022-06-23 06:44:55-06:00,2022-06-23 06:00:13-06:00,2022-06-23 06:44:53-06:00,44.62839909990628,min
HKWorkoutActivityTypeWalking,2022-06-23 11:23:16-06:00,2022-06-23 10:38:29-06:00,2022-06-23 11:23:15-06:00,44.76923613746961,min
HKWorkoutActivityTypeRunning,2022-06-24 06:41:25-06:00,2022-06-24 05:43:13-06:00,2022-06-24 06:41:23-06:00,45.94574816624323,min
HKWorkoutActivityTypeWalking,2022-06-26 14:49:24-06:00,2022-06-26 13:31:21-06:00,2022-06-26 14:49:22-06:00,78.01144135395685,min
HKWorkoutActivityTypeRunning,2022-06-29 07:02:03-06:00,2022-06-29 05:53:44-06:00,2022-06-29 07:02:01-06:00,21.40430941780408,min
HKWorkoutActivityTypeHiking,2022-07-06 14:28:10-06:00,2022-07-06 13:45:52-06:00,2022-07-06 14:28:09-06:00,26.26257341702779,min
HKWorkoutActivityTypeRunning,2022-07-09 06:12:18-06:00,2022-07-09 05:38:31-06:00,2022-07-09 06:12:17-06:00,31.39867856701215,min
HKWorkoutActivityTypeRunning,2022-07-11 06:23:56-06:00,2022-07-11 05:48:56-06:00,2022-07-11 06:23:54-06:00,30.94032618602117,min
HKWorkoutActivityTypeCycling,2022-07-12 07:03:59-06:00,2022-07-12 06:00:46-06:00,2022-07-12 07:03:57-06:00,42.0068190852801,min
HKWorkoutActivityTypeRunning,2022-07-13 07:04:20-06:00,2022-07-13 05:46:55-06:00,2022-07-13 07:04:19-06:00,41.8514014005661,min
HKWorkoutActivityTypeCycling,2022-07-14 07:14:34-06:00,2022-07-14 05:53:06-06:00,2022-07-14 07:14:32-06:00,60.72343449989955,min
HKWorkoutActivityTypeWalking,2022-07-18 09:34:41-06:00,2022-07-18 09:08:07-06:00,2022-07-18 09:34:39-06:00,26.51512669324875,min
HKWorkoutActivityTypeRunning,2022-07-25 07:01:42-06:00,2022-07-25 05:50:27-06:00,2022-07-25 07:01:41-06:00,38.6386216044426,min
HKWorkoutActivityTypeRunning,2022-07-27 06:58:57-06:00,2022-07-27 05:52:05-06:00,2022-07-27 06:58:56-06:00,34.85672235687574,min
HKWorkoutActivityTypeCycling,2022-07-28 06:48:34-06:00,2022-07-28 05:49:33-06:00,2022-07-28 06:48:32-06:00,39.05781573255857,min
HKWorkoutActivityTypeRunning,2022-07-29 06:39:56-06:00,2022-07-29 05:50:59-06:00,2022-07-29 06:39:55-06:00,44.65783400138219,min
HKWorkoutActivityTypeRunning,2022-08-01 06:29:34-06:00,2022-08-01 05:48:36-06:00,2022-08-01 06:29:33-06:00,35.86867485046387,min
HKWorkoutActivityTypeCycling,2022-08-02 06:44:53-06:00,2022-08-02 05:59:34-06:00,2022-08-02 06:44:51-06:00,45.26080304980278,min
HKWorkoutActivityTypeRunning,2022-08-03 07:09:23-06:00,2022-08-03 05:47:02-06:00,2022-08-03 07:09:22-06:00,33.99144020080566,min
HKWorkoutActivityTypeRunning,2022-08-05 06:41:59-06:00,2022-08-05 05:47:41-06:00,2022-08-05 06:41:58-06:00,44.93659458359082,min
HKWorkoutActivityTypeRunning,2022-08-08 15:32:41-06:00,2022-08-08 14:50:25-06:00,2022-08-08 15:32:39-06:00,30.77556291619937,min
HKWorkoutActivityTypeCycling,2022-08-09 15:51:12-06:00,2022-08-09 14:42:21-06:00,2022-08-09 15:51:10-06:00,51.39099533359209,min
HKWorkoutActivityTypeRunning,2022-08-10 15:05:56-06:00,2022-08-10 14:05:16-06:00,2022-08-10 15:05:55-06:00,31.03078273336093,min
HKWorkoutActivityTypeRunning,2022-08-11 15:19:08-06:00,2022-08-11 14:05:10-06:00,2022-08-11 15:19:06-06:00,27.39647533297539,min
HKWorkoutActivityTypeRunning,2022-08-12 14:47:23-06:00,2022-08-12 14:06:45-06:00,2022-08-12 14:47:21-06:00,32.07619913220405,min
HKWorkoutActivityTypeRunning,2022-08-13 07:31:15-06:00,2022-08-13 06:48:11-06:00,2022-08-13 07:31:13-06:00,14.89462680220604,min
HKWorkoutActivityTypeRunning,2022-08-13 08:25:57-06:00,2022-08-13 08:02:38-06:00,2022-08-13 08:25:56-06:00,5.827603282531102,min
HKWorkoutActivityTypeRunning,2022-08-15 14:58:05-06:00,2022-08-15 14:07:43-06:00,2022-08-15 14:58:03-06:00,46.84070820013682,min
HKWorkoutActivityTypeRunning,2022-08-16 15:18:47-06:00,2022-08-16 14:04:33-06:00,2022-08-16 15:18:45-06:00,26.03897840181986,min
HKWorkoutActivityTypeRunning,2022-08-17 14:53:25-06:00,2022-08-17 14:18:14-06:00,2022-08-17 14:53:23-06:00,34.23073703447978,min
HKWorkoutActivityTypeCycling,2022-08-18 14:36:26-06:00,2022-08-18 14:05:05-06:00,2022-08-18 14:36:25-06:00,30.19298121730487,min
HKWorkoutActivityTypeRunning,2022-08-19 14:35:14-06:00,2022-08-19 14:07:12-06:00,2022-08-19 14:35:12-06:00,26.29834040006002,min
HKWorkoutActivityTypeRunning,2022-08-20 08:27:09-06:00,2022-08-20 06:51:28-06:00,2022-08-20 08:27:07-06:00,15.2982281823953,min
HKWorkoutActivityTypeRunning,2022-08-22 14:48:45-06:00,2022-08-22 14:09:03-06:00,2022-08-22 14:48:43-06:00,11.6982471982638,min
HKWorkoutActivityTypeRunning,2022-08-22 15:18:22-06:00,2022-08-22 14:48:43-06:00,2022-08-22 15:18:20-06:00,13.62787493268649,min
HKWorkoutActivityTypeRunning,2022-08-22 16:01:05-06:00,2022-08-22 15:18:20-06:00,2022-08-22 16:01:03-06:00,8.634651883443196,min
HKWorkoutActivityTypeCycling,2022-08-23 14:32:54-06:00,2022-08-23 13:55:50-06:00,2022-08-23 14:32:53-06:00,36.93595601717631,min
HKWorkoutActivityTypeRunning,2022-08-25 15:27:31-06:00,2022-08-25 14:29:16-06:00,2022-08-25 15:27:29-06:00,25.18085191647212,min
HKWorkoutActivityTypeRunning,2022-08-26 14:39:10-06:00,2022-08-26 14:09:48-06:00,2022-08-26 14:39:08-06:00,25.96799315015475,min
HKWorkoutActivityTypeWalking,2022-08-28 12:58:12-06:00,2022-08-28 12:12:44-06:00,2022-08-28 12:58:10-06:00,45.40570340553919,min
HKWorkoutActivityTypeWalking,2022-08-29 07:29:52-06:00,2022-08-29 06:46:19-06:00,2022-08-29 07:29:50-06:00,31.59628509084384,min
HKWorkoutActivityTypeWalking,2022-08-29 09:58:08-06:00,2022-08-29 09:14:55-06:00,2022-08-29 09:58:06-06:00,43.18233567078908,min
HKWorkoutActivityTypeWalking,2022-08-29 11:17:46-06:00,2022-08-29 10:27:57-06:00,2022-08-29 11:17:45-06:00,34.56909160017968,min
HKWorkoutActivityTypeRunning,2022-08-30 14:31:05-06:00,2022-08-30 14:00:02-06:00,2022-08-30 14:31:03-06:00,14.88217933177948,min
HKWorkoutActivityTypeRunning,2022-08-30 15:08:49-06:00,2022-08-30 14:31:03-06:00,2022-08-30 15:08:47-06:00,10.01864084998767,min
HKWorkoutActivityTypeRunning,2022-08-30 15:37:21-06:00,2022-08-30 15:08:47-06:00,2022-08-30 15:37:19-06:00,12.24387834866842,min
HKWorkoutActivityTypeRunning,2022-08-31 14:59:46-06:00,2022-08-31 14:14:09-06:00,2022-08-31 14:59:45-06:00,32.41112853288651,min
HKWorkoutActivityTypeRunning,2022-09-01 15:36:41-06:00,2022-09-01 14:07:15-06:00,2022-09-01 15:36:39-06:00,39.0745750327905,min
HKWorkoutActivityTypeRunning,2022-09-02 05:39:41-06:00,2022-09-02 05:02:11-06:00,2022-09-02 05:39:39-06:00,26.84678897062937,min
HKWorkoutActivityTypeRunning,2022-09-03 08:58:12-06:00,2022-09-03 06:41:04-06:00,2022-09-03 08:58:10-06:00,9.692774432897568,min
HKWorkoutActivityTypeRunning,2022-09-05 07:30:01-06:00,2022-09-05 06:38:40-06:00,2022-09-05 07:29:59-06:00,49.70207223494847,min
HKWorkoutActivityTypeRunning,2022-09-06 15:26:28-06:00,2022-09-06 14:06:11-06:00,2022-09-06 15:26:26-06:00,32.63600701888402,min
HKWorkoutActivityTypeRunning,2022-09-07 14:34:40-06:00,2022-09-07 14:01:36-06:00,2022-09-07 14:34:38-06:00,24.17737459937731,min
HKWorkoutActivityTypeRunning,2022-09-08 15:33:25-06:00,2022-09-08 14:08:13-06:00,2022-09-08 15:33:23-06:00,47.58022118409475,min
HKWorkoutActivityTypeRunning,2022-09-09 14:49:54-06:00,2022-09-09 14:05:31-06:00,2022-09-09 14:49:53-06:00,28.02985843420029,min
HKWorkoutActivityTypeRunning,2022-09-10 07:04:14-06:00,2022-09-10 06:40:48-06:00,2022-09-10 07:04:12-06:00,10.02203459938367,min
HKWorkoutActivityTypeRunning,2022-09-12 15:37:57-06:00,2022-09-12 14:14:26-06:00,2022-09-12 15:37:54-06:00,57.86008344888687,min
HKWorkoutActivityTypeRunning,2022-09-13 15:52:34-06:00,2022-09-13 14:09:06-06:00,2022-09-13 15:52:31-06:00,45.72305068771045,min
HKWorkoutActivityTypeRunning,2022-09-14 15:14:12-06:00,2022-09-14 14:14:58-06:00,2022-09-14 15:14:10-06:00,36.34693940083186,min
HKWorkoutActivityTypeRunning,2022-09-15 15:37:53-06:00,2022-09-15 14:11:33-06:00,2022-09-15 15:37:51-06:00,44.14069253206253,min
HKWorkoutActivityTypeWalking,2022-09-16 11:28:11-06:00,2022-09-16 10:59:52-06:00,2022-09-16 11:20:35-06:00,20.71688160697619,min
HKWorkoutActivityTypeRunning,2022-09-16 14:01:49-06:00,2022-09-16 13:15:01-06:00,2022-09-16 13:42:10-06:00,26.41025203267733,min
HKWorkoutActivityTypeRunning,2022-09-17 10:25:06-06:00,2022-09-17 10:10:26-06:00,2022-09-17 10:23:57-06:00,9.880779234568278,min
HKWorkoutActivityTypeRunning,2022-09-19 15:44:06-06:00,2022-09-19 14:10:04-06:00,2022-09-19 15:32:17-06:00,38.73780076503753,min
HKWorkoutActivityTypeRunning,2022-09-20 14:46:15-06:00,2022-09-20 14:01:09-06:00,2022-09-20 14:42:09-06:00,31.49425690174103,min
HKWorkoutActivityTypeRunning,2022-09-22 15:30:24-06:00,2022-09-22 14:10:32-06:00,2022-09-22 15:30:12-06:00,42.52542959650358,min
HKWorkoutActivityTypeRunning,2022-09-23 14:53:34-06:00,2022-09-23 14:04:46-06:00,2022-09-23 14:31:53-06:00,26.42921363313993,min
HKWorkoutActivityTypeRunning,2022-09-24 10:15:56-06:00,2022-09-24 09:44:47-06:00,2022-09-24 09:55:37-06:00,10.10895473361015,min
HKWorkoutActivityTypeRunning,2022-09-26 15:18:28-06:00,2022-09-26 14:11:37-06:00,2022-09-26 15:17:15-06:00,58.98894688288371,min
HKWorkoutActivityTypeRunning,2022-09-27 15:52:43-06:00,2022-09-27 14:09:19-06:00,2022-09-27 15:26:09-06:00,38.87781805197398,min
HKWorkoutActivityTypeRunning,2022-09-28 15:00:26-06:00,2022-09-28 14:04:38-06:00,2022-09-28 14:37:23-06:00,31.97396303216616,min
HKWorkoutActivityTypeRunning,2022-09-29 15:39:32-06:00,2022-09-29 14:29:43-06:00,2022-09-29 15:34:47-06:00,36.76014156738917,min
HKWorkoutActivityTypeRunning,2022-09-30 14:30:52-06:00,2022-09-30 14:01:54-06:00,2022-09-30 14:29:48-06:00,27.03871381481489,min
HKWorkoutActivityTypeRunning,2022-10-01 07:34:37-06:00,2022-10-01 07:18:02-06:00,2022-10-01 07:28:47-06:00,10.74084253311157,min
HKWorkoutActivityTypeRunning,2022-10-01 10:02:21-06:00,2022-10-01 09:40:13-06:00,2022-10-01 09:50:32-06:00,10.33021099964778,min
HKWorkoutActivityTypeRunning,2022-10-03 15:03:33-06:00,2022-10-03 14:13:04-06:00,2022-10-03 14:58:01-06:00,42.45716119805972,min
HKWorkoutActivityTypeRunning,2022-10-04 15:33:05-06:00,2022-10-04 14:01:46-06:00,2022-10-04 15:14:17-06:00,31.33769498268763,min
HKWorkoutActivityTypeRunning,2022-10-05 15:12:37-06:00,2022-10-05 14:02:14-06:00,2022-10-05 14:36:44-06:00,28.22432965238889,min
HKWorkoutActivityTypeRunning,2022-10-06 08:23:42-06:00,2022-10-06 07:12:25-06:00,2022-10-06 08:20:59-06:00,42.37130638162295,min
HKWorkoutActivityTypeRunning,2022-10-07 08:50:51-06:00,2022-10-07 08:27:17-06:00,2022-10-07 08:50:37-06:00,23.28522231578827,min
HKWorkoutActivityTypeRunning,2022-10-07 17:36:31-06:00,2022-10-07 17:16:37-06:00,2022-10-07 17:31:43-06:00,15.0881473839283,min
HKWorkoutActivityTypeRunning,2022-10-08 07:55:09-06:00,2022-10-08 07:11:14-06:00,2022-10-08 07:38:45-06:00,26.86552535096804,min
HKWorkoutActivityTypeRunning,2022-10-10 06:46:34-06:00,2022-10-10 06:09:43-06:00,2022-10-10 06:39:34-06:00,29.65610968470573,min
HKWorkoutActivityTypeRunning,2022-10-11 14:57:10-06:00,2022-10-11 13:58:03-06:00,2022-10-11 14:43:11-06:00,19.8033408164978,min
HKWorkoutActivityTypeWalking,2022-10-12 09:58:39-06:00,2022-10-12 08:46:26-06:00,2022-10-12 09:45:20-06:00,58.89648283322652,min
HKWorkoutActivityTypeRunning,2022-10-12 14:16:21-06:00,2022-10-12 13:47:32-06:00,2022-10-12 14:09:58-06:00,20.01487221519152,min
HKWorkoutActivityTypeRunning,2022-10-13 14:46:20-06:00,2022-10-13 14:03:38-06:00,2022-10-13 14:46:05-06:00,23.31495089928309,min
HKWorkoutActivityTypeRunning,2022-10-14 14:31:12-06:00,2022-10-14 13:58:32-06:00,2022-10-14 14:30:32-06:00,27.31687133510907,min
HKWorkoutActivityTypeRunning,2022-10-15 09:52:56-06:00,2022-10-15 09:41:12-06:00,2022-10-15 09:51:15-06:00,10.05899278322856,min
HKWorkoutActivityTypeRunning,2022-10-17 14:48:41-06:00,2022-10-17 13:59:10-06:00,2022-10-17 14:42:08-06:00,40.25074961781502,min
HKWorkoutActivityTypeRunning,2022-10-18 15:24:22-06:00,2022-10-18 13:58:11-06:00,2022-10-18 15:10:06-06:00,38.81982343991597,min
HKWorkoutActivityTypeRunning,2022-10-19 15:00:02-06:00,2022-10-19 14:09:44-06:00,2022-10-19 14:45:18-06:00,29.60767748554548,min
HKWorkoutActivityTypeRunning,2022-10-20 15:23:40-06:00,2022-10-20 14:16:39-06:00,2022-10-20 15:23:23-06:00,54.80430999795596,min
HKWorkoutActivityTypeRunning,2022-10-21 14:27:52-06:00,2022-10-21 13:56:13-06:00,2022-10-21 14:26:16-06:00,29.01742014884949,min
HKWorkoutActivityTypeRunning,2022-10-22 08:13:07-06:00,2022-10-22 08:04:52-06:00,2022-10-22 08:12:40-06:00,7.800668332974116,min
HKWorkoutActivityTypeRunning,2022-10-22 12:55:45-06:00,2022-10-22 12:06:38-06:00,2022-10-22 12:17:00-06:00,10.06789171695709,min
HKWorkoutActivityTypeRunning,2022-10-24 15:31:51-06:00,2022-10-24 13:56:22-06:00,2022-10-24 15:12:09-06:00,31.99036660393079,min
HKWorkoutActivityTypeRunning,2022-10-25 14:25:51-06:00,2022-10-25 13:50:20-06:00,2022-10-25 14:22:05-06:00,31.14984524250031,min
HKWorkoutActivityTypeRunning,2022-10-26 14:48:42-06:00,2022-10-26 14:13:21-06:00,2022-10-26 14:44:50-06:00,25.26047455072403,min
HKWorkoutActivityTypeRunning,2022-10-27 14:53:36-06:00,2022-10-27 14:11:40-06:00,2022-10-27 14:50:47-06:00,22.97221256693204,min
HKWorkoutActivityTypeRunning,2022-10-28 14:43:44-06:00,2022-10-28 13:58:10-06:00,2022-10-28 14:25:09-06:00,26.03845001459122,min
HKWorkoutActivityTypeRunning,2022-10-29 12:28:25-06:00,2022-10-29 12:07:52-06:00,2022-10-29 12:18:09-06:00,10.06040658354759,min
HKWorkoutActivityTypeRunning,2022-10-31 14:38:36-06:00,2022-10-31 13:55:07-06:00,2022-10-31 14:36:43-06:00,30.2788542330265,min
HKWorkoutActivityTypeRunning,2022-11-01 15:03:21-06:00,2022-11-01 13:55:41-06:00,2022-11-01 14:56:19-06:00,27.02584764758746,min
HKWorkoutActivityTypeRunning,2022-11-02 14:25:41-06:00,2022-11-02 13:52:03-06:00,2022-11-02 14:21:53-06:00,28.95340908368429,min
HKWorkoutActivityTypeRunning,2022-11-03 14:22:14-06:00,2022-11-03 13:54:39-06:00,2022-11-03 14:19:50-06:00,12.72028044859568,min
HKWorkoutActivityTypeRunning,2022-11-03 14:59:11-06:00,2022-11-03 14:27:13-06:00,2022-11-03 14:34:59-06:00,7.037734101215999,min
HKWorkoutActivityTypeRunning,2022-11-04 14:17:10-06:00,2022-11-04 12:05:13-06:00,2022-11-04 12:34:28-06:00,23.96332698464393,min
HKWorkoutActivityTypeRunning,2022-11-05 07:05:52-06:00,2022-11-05 06:48:17-06:00,2022-11-05 06:59:10-06:00,10.8892904996872,min
HKWorkoutActivityTypeRunning,2022-11-05 12:33:40-06:00,2022-11-05 12:04:04-06:00,2022-11-05 12:14:20-06:00,10.27680589954058,min
HKWorkoutActivityTypeRunning,2022-12-01 15:12:40-06:00,2022-12-01 14:41:08-06:00,2022-12-01 15:10:25-06:00,28.87929071585337,min
HKWorkoutActivityTypeRunning,2022-12-02 15:25:27-06:00,2022-12-02 14:45:39-06:00,2022-12-02 15:21:25-06:00,35.03457951545715,min
HKWorkoutActivityTypeRunning,2022-12-05 15:39:22-06:00,2022-12-05 14:56:35-06:00,2022-12-05 15:33:42-06:00,33.73624808390935,min
HKWorkoutActivityTypeRunning,2022-12-06 15:33:22-06:00,2022-12-06 14:48:03-06:00,2022-12-06 15:33:07-06:00,40.28195691506068,min
HKWorkoutActivityTypeRunning,2022-12-07 15:33:25-06:00,2022-12-07 14:48:08-06:00,2022-12-07 15:27:11-06:00,34.22320764859517,min
HKWorkoutActivityTypeRunning,2022-12-07 15:36:00-06:00,2022-12-07 15:33:17-06:00,2022-12-07 15:35:58-06:00,2.683557250102361,min
HKWorkoutActivityTypeRunning,2022-12-08 15:45:20-06:00,2022-12-08 14:58:39-06:00,2022-12-08 15:42:56-06:00,40.75963923335075,min
HKWorkoutActivityTypeRunning,2022-12-09 15:24:51-06:00,2022-12-09 14:49:23-06:00,2022-12-09 15:22:33-06:00,32.49461782972018,min
HKWorkoutActivityTypeRunning,2022-12-12 15:50:31-06:00,2022-12-12 14:51:13-06:00,2022-12-12 15:47:41-06:00,50.80997604926427,min
HKWorkoutActivityTypeRunning,2022-12-13 15:43:45-06:00,2022-12-13 14:54:43-06:00,2022-12-13 15:43:29-06:00,38.20465924938519,min
HKWorkoutActivityTypeRunning,2022-12-14 14:55:52-06:00,2022-12-14 13:51:14-06:00,2022-12-14 14:29:57-06:00,24.37286554773648,min
HKWorkoutActivityTypeRunning,2022-12-16 15:37:49-06:00,2022-12-16 14:48:09-06:00,2022-12-16 15:22:28-06:00,32.30014698505401,min
HKWorkoutActivityTypeRunning,2022-12-19 15:24:50-06:00,2022-12-19 13:17:48-06:00,2022-12-19 14:01:31-06:00,40.88411936561267,min
HKWorkoutActivityTypeWalking,2022-12-20 09:13:46-06:00,2022-12-20 07:40:57-06:00,2022-12-20 08:25:40-06:00,41.07365590135257,min
HKWorkoutActivityTypeRunning,2022-12-20 14:24:28-06:00,2022-12-20 13:30:35-06:00,2022-12-20 14:22:47-06:00,34.60982864896457,min
HKWorkoutActivityTypeRunning,2022-12-21 14:51:44-06:00,2022-12-21 13:16:00-06:00,2022-12-21 13:48:04-06:00,31.59398706754049,min
HKWorkoutActivityTypeRunning,2022-12-26 09:01:05-06:00,2022-12-26 08:06:50-06:00,2022-12-26 09:00:50-06:00,53.63495846589407,min
HKWorkoutActivityTypeRunning,2022-12-27 08:54:41-06:00,2022-12-27 07:10:07-06:00,2022-12-27 07:47:50-06:00,35.59525987704595,min
HKWorkoutActivityTypeRunning,2022-12-28 08:25:01-06:00,2022-12-28 07:14:38-06:00,2022-12-28 08:03:27-06:00,43.95329703092575,min
HKWorkoutActivityTypeRunning,2022-12-30 07:45:49-06:00,2022-12-30 07:06:41-06:00,2022-12-30 07:44:45-06:00,33.79665423432986,min
HKWorkoutActivityTypeRunning,2023-01-02 08:23:24-06:00,2023-01-02 07:17:15-06:00,2023-01-02 08:17:46-06:00,39.65466685096423,min
HKWorkoutActivityTypeRunning,2023-01-03 08:58:59-06:00,2023-01-03 08:05:44-06:00,2023-01-03 08:51:30-06:00,31.48797635038694,min
HKWorkoutActivityTypeRunning,2023-01-04 08:01:25-06:00,2023-01-04 07:13:00-06:00,2023-01-04 08:00:24-06:00,41.97768955032031,min
HKWorkoutActivityTypeRunning,2023-01-05 08:51:47-06:00,2023-01-05 07:53:23-06:00,2023-01-05 08:40:10-06:00,35.38869820038477,min
HKWorkoutActivityTypeRunning,2023-01-06 08:01:21-06:00,2023-01-06 07:16:23-06:00,2023-01-06 07:59:02-06:00,40.97425996661186,min
HKWorkoutActivityTypeRunning,2023-01-07 16:33:13-06:00,2023-01-07 08:09:47-06:00,2023-01-07 09:00:10-06:00,45.74862934947014,min
HKWorkoutActivityTypeWalking,2023-01-09 13:38:27-06:00,2023-01-09 12:27:06-06:00,2023-01-09 12:52:46-06:00,25.65681571761767,min
HKWorkoutActivityTypeRunning,2023-01-10 15:24:58-06:00,2023-01-10 15:02:30-06:00,2023-01-10 15:13:21-06:00,10.29477603435516,min
HKWorkoutActivityTypeRunning,2023-01-10 15:43:58-06:00,2023-01-10 15:24:53-06:00,2023-01-10 15:39:55-06:00,15.01809269984563,min
HKWorkoutActivityTypeRunning,2023-01-10 16:05:24-06:00,2023-01-10 15:43:53-06:00,2023-01-10 16:03:11-06:00,19.15736929972967,min
HKWorkoutActivityTypeRunning,2023-01-11 14:41:25-06:00,2023-01-11 13:51:48-06:00,2023-01-11 14:31:20-06:00,32.65071823398272,min
HKWorkoutActivityTypeRunning,2023-01-12 09:20:22-06:00,2023-01-12 08:26:41-06:00,2023-01-12 08:39:18-06:00,12.60820628404617,min
HKWorkoutActivityTypeRunning,2023-01-13 15:25:28-06:00,2023-01-13 14:44:12-06:00,2023-01-13 15:19:50-06:00,33.15956910053889,min
HKWorkoutActivityTypeRunning,2023-01-14 10:03:59-06:00,2023-01-14 09:03:44-06:00,2023-01-14 09:55:57-06:00,45.69116380016009,min
HKWorkoutActivityTypeRunning,2023-01-17 16:15:06-06:00,2023-01-17 14:58:17-06:00,2023-01-17 16:14:30-06:00,55.92398255070051,min
HKWorkoutActivityTypeRunning,2023-01-18 15:35:42-06:00,2023-01-18 14:50:34-06:00,2023-01-18 15:33:30-06:00,36.05440269907316,min
HKWorkoutActivityTypeRunning,2023-01-19 15:40:34-06:00,2023-01-19 15:21:24-06:00,2023-01-19 15:32:35-06:00,11.00796458323797,min
HKWorkoutActivityTypeRunning,2023-01-19 15:58:56-06:00,2023-01-19 15:40:30-06:00,2023-01-19 15:58:43-06:00,15.066902333498,min
HKWorkoutActivityTypeRunning,2023-01-19 16:54:29-06:00,2023-01-19 15:58:47-06:00,2023-01-19 15:58:59-06:00,0.1985415438810984,min
HKWorkoutActivityTypeRunning,2023-01-20 16:10:40-06:00,2023-01-20 14:57:57-06:00,2023-01-20 15:34:40-06:00,29.26199576656024,min
HKWorkoutActivityTypeRunning,2023-01-21 07:56:08-06:00,2023-01-21 07:03:29-06:00,2023-01-21 07:41:01-06:00,33.03621171712875,min
HKWorkoutActivityTypeRunning,2023-01-23 17:24:14-06:00,2023-01-23 15:05:54-06:00,2023-01-23 15:20:51-06:00,14.72735067009926,min
HKWorkoutActivityTypeRunning,2023-01-24 16:02:24-06:00,2023-01-24 14:56:28-06:00,2023-01-24 16:01:10-06:00,52.79240191777547,min
HKWorkoutActivityTypeRunning,2023-01-25 14:29:12-06:00,2023-01-25 13:49:29-06:00,2023-01-25 14:27:41-06:00,34.14117806752522,min
HKWorkoutActivityTypeRunning,2023-01-26 18:07:45-06:00,2023-01-26 15:12:27-06:00,2023-01-26 15:48:43-06:00,27.32784622907639,min
HKWorkoutActivityTypeRunning,2023-01-27 15:32:15-06:00,2023-01-27 14:55:42-06:00,2023-01-27 15:31:14-06:00,19.83391123414039,min
HKWorkoutActivityTypeRunning,2023-01-28 08:39:08-06:00,2023-01-28 07:40:45-06:00,2023-01-28 08:27:35-06:00,45.37488763332367,min
HKWorkoutActivityTypeRunning,2023-01-30 15:37:54-06:00,2023-01-30 15:00:30-06:00,2023-01-30 15:32:13-06:00,30.04052286744118,min
HKWorkoutActivityTypeRunning,2023-01-31 16:00:17-06:00,2023-01-31 14:56:10-06:00,2023-01-31 15:37:21-06:00,38.68528333504995,min
HKWorkoutActivityTypeRunning,2023-02-01 15:37:14-06:00,2023-02-01 14:55:59-06:00,2023-02-01 15:37:01-06:00,38.43537128369014,min
HKWorkoutActivityTypeRunning,2023-02-02 15:54:43-06:00,2023-02-02 15:02:39-06:00,2023-02-02 15:43:22-06:00,36.22393330136935,min
HKWorkoutActivityTypeRunning,2023-02-03 15:32:43-06:00,2023-02-03 14:52:42-06:00,2023-02-03 15:27:15-06:00,34.55992741584778,min
HKWorkoutActivityTypeRunning,2023-02-04 09:10:09-06:00,2023-02-04 08:05:28-06:00,2023-02-04 09:06:54-06:00,56.21236015160878,min
HKWorkoutActivityTypeRunning,2023-02-06 16:25:33-06:00,2023-02-06 15:14:48-06:00,2023-02-06 16:19:51-06:00,50.32262330055237,min
HKWorkoutActivityTypeRunning,2023-02-07 15:48:27-06:00,2023-02-07 15:13:30-06:00,2023-02-07 15:48:21-06:00,21.15496499538422,min
HKWorkoutActivityTypeRunning,2023-02-08 06:17:25-06:00,2023-02-08 05:48:39-06:00,2023-02-08 06:17:06-06:00,28.37403553326925,min
HKWorkoutActivityTypeRunning,2023-02-08 14:51:49-06:00,2023-02-08 14:08:04-06:00,2023-02-08 14:51:35-06:00,36.15307296911875,min
HKWorkoutActivityTypeRunning,2023-02-09 16:31:16-06:00,2023-02-09 15:29:51-06:00,2023-02-09 16:30:51-06:00,34.3732058485349,min
HKWorkoutActivityTypeRunning,2023-02-10 15:42:12-06:00,2023-02-10 15:14:42-06:00,2023-02-10 15:42:03-06:00,26.32084029912949,min
HKWorkoutActivityTypeRunning,2023-02-11 09:29:15-06:00,2023-02-11 09:15:50-06:00,2023-02-11 09:25:38-06:00,9.795016666253408,min
HKWorkoutActivityTypeRunning,2023-02-13 15:29:24-06:00,2023-02-13 15:10:04-06:00,2023-02-13 15:21:01-06:00,10.31633866628011,min
HKWorkoutActivityTypeRunning,2023-02-13 15:51:01-06:00,2023-02-13 15:29:31-06:00,2023-02-13 15:47:33-06:00,18.03016066551208,min
HKWorkoutActivityTypeRunning,2023-02-13 16:25:33-06:00,2023-02-13 15:50:54-06:00,2023-02-13 16:17:50-06:00,21.18413667082786,min
HKWorkoutActivityTypeRunning,2023-02-14 15:53:05-06:00,2023-02-14 15:04:21-06:00,2023-02-14 15:49:24-06:00,41.12932950258255,min
HKWorkoutActivityTypeRunning,2023-02-15 16:24:08-06:00,2023-02-15 15:01:01-06:00,2023-02-15 15:42:14-06:00,36.56099998553594,min
HKWorkoutActivityTypeRunning,2023-02-17 15:54:09-06:00,2023-02-17 15:04:59-06:00,2023-02-17 15:48:17-06:00,38.23399356802305,min
HKWorkoutActivityTypeRunning,2023-02-18 09:08:08-06:00,2023-02-18 08:06:58-06:00,2023-02-18 09:07:50-06:00,60.49062146743139,min
HKWorkoutActivityTypeRunning,2023-02-20 08:36:19-06:00,2023-02-20 08:15:06-06:00,2023-02-20 08:23:00-06:00,7.894880199432373,min
HKWorkoutActivityTypeRunning,2023-02-20 09:10:11-06:00,2023-02-20 08:36:14-06:00,2023-02-20 09:02:10-06:00,25.25239076415698,min
HKWorkoutActivityTypeRunning,2023-02-21 16:31:11-06:00,2023-02-21 15:05:47-06:00,2023-02-21 16:17:19-06:00,50.74822465181351,min
HKWorkoutActivityTypeRunning,2023-02-22 06:11:58-06:00,2023-02-22 05:34:33-06:00,2023-02-22 06:02:27-06:00,27.90372393329938,min
HKWorkoutActivityTypeRunning,2023-02-27 06:42:02-06:00,2023-02-27 06:02:18-06:00,2023-02-27 06:22:21-06:00,19.09045122861862,min
HKWorkoutActivityTypeRunning,2023-02-27 15:31:58-06:00,2023-02-27 15:08:57-06:00,2023-02-27 15:21:13-06:00,11.36586665113767,min
HKWorkoutActivityTypeRunning,2023-02-27 17:32:40-06:00,2023-02-27 15:32:02-06:00,2023-02-27 16:02:07-06:00,13.15976695219676,min
HKWorkoutActivityTypeRunning,2023-02-28 16:04:35-06:00,2023-02-28 15:08:41-06:00,2023-02-28 15:45:19-06:00,31.65203096667926,min
HKWorkoutActivityTypeRunning,2023-03-01 15:14:09-06:00,2023-03-01 14:53:04-06:00,2023-03-01 15:12:49-06:00,15.11754489938418,min
HKWorkoutActivityTypeRunning,2023-03-02 15:32:40-06:00,2023-03-02 15:04:10-06:00,2023-03-02 15:31:19-06:00,26.51567838390668,min
HKWorkoutActivityTypeRunning,2023-03-03 19:30:53-06:00,2023-03-03 18:14:45-06:00,2023-03-03 18:22:56-06:00,8.186656751235326,min
HKWorkoutActivityTypeRunning,2023-03-04 09:18:50-06:00,2023-03-04 08:06:41-06:00,2023-03-04 08:53:31-06:00,38.7508353471756,min
HKWorkoutActivityTypeRunning,2023-03-06 06:29:24-06:00,2023-03-06 06:00:58-06:00,2023-03-06 06:25:23-06:00,13.81226996779442,min
HKWorkoutActivityTypeRunning,2023-03-06 15:28:58-06:00,2023-03-06 15:11:06-06:00,2023-03-06 15:16:06-06:00,5.004839799801508,min
HKWorkoutActivityTypeRunning,2023-03-06 16:10:06-06:00,2023-03-06 15:30:22-06:00,2023-03-06 16:07:59-06:00,18.81653159856796,min
HKWorkoutActivityTypeRunning,2023-03-06 17:04:29-06:00,2023-03-06 16:11:36-06:00,2023-03-06 16:16:37-06:00,5.017818466822306,min
HKWorkoutActivityTypeRunning,2023-03-07 15:41:42-06:00,2023-03-07 14:59:53-06:00,2023-03-07 15:41:34-06:00,34.37555525302887,min
HKWorkoutActivityTypeRunning,2023-03-08 06:24:59-06:00,2023-03-08 05:36:01-06:00,2023-03-08 06:14:31-06:00,30.71956239938736,min
HKWorkoutActivityTypeRunning,2023-03-09 07:06:31-06:00,2023-03-08 14:08:07-06:00,2023-03-09 06:27:33-06:00,26.0412001311779,min
HKWorkoutActivityTypeRunning,2023-03-09 15:45:32-06:00,2023-03-09 15:12:48-06:00,2023-03-09 15:40:45-06:00,26.32668008208275,min
HKWorkoutActivityTypeRunning,2023-03-10 16:53:10-06:00,2023-03-10 16:38:13-06:00,2023-03-10 16:49:01-06:00,10.80785913268725,min
HKWorkoutActivityTypeRunning,2023-03-10 18:32:59-06:00,2023-03-10 18:08:07-06:00,2023-03-10 18:12:37-06:00,4.428970364729564,min
HKWorkoutActivityTypeRunning,2023-03-11 09:02:13-06:00,2023-03-11 08:11:39-06:00,2023-03-11 08:59:51-06:00,45.73924678166707,min
HKWorkoutActivityTypeRunning,2023-03-13 05:49:02-06:00,2023-03-13 05:01:40-06:00,2023-03-13 05:22:44-06:00,13.31940093437831,min
HKWorkoutActivityTypeRunning,2023-03-13 16:17:27-06:00,2023-03-13 14:09:36-06:00,2023-03-13 14:34:24-06:00,22.0926521162192,min
HKWorkoutActivityTypeRunning,2023-03-14 15:43:06-06:00,2023-03-14 15:15:24-06:00,2023-03-14 15:42:52-06:00,16.34320176641146,min
HKWorkoutActivityTypeRunning,2023-03-15 05:53:51-06:00,2023-03-15 05:03:30-06:00,2023-03-15 05:30:16-06:00,26.43440116842588,min
HKWorkoutActivityTypeRunning,2023-03-15 14:31:37-06:00,2023-03-15 13:55:48-06:00,2023-03-15 14:31:08-06:00,32.00667173067729,min
HKWorkoutActivityTypeRunning,2023-03-16 14:50:51-06:00,2023-03-16 14:22:27-06:00,2023-03-16 14:50:36-06:00,26.60497455000877,min
HKWorkoutActivityTypeRunning,2023-03-17 14:44:09-06:00,2023-03-17 14:36:08-06:00,2023-03-17 14:42:49-06:00,6.683522083361944,min
HKWorkoutActivityTypeRunning,2023-03-17 16:14:08-06:00,2023-03-17 16:03:14-06:00,2023-03-17 16:14:01-06:00,10.79310023387273,min
HKWorkoutActivityTypeRunning,2023-03-20 05:23:15-06:00,2023-03-20 05:02:26-06:00,2023-03-20 05:23:10-06:00,9.650449615716933,min
HKWorkoutActivityTypeRunning,2023-03-20 15:21:00-06:00,2023-03-20 14:14:46-06:00,2023-03-20 15:19:25-06:00,44.2232371032238,min
HKWorkoutActivityTypeRunning,2023-03-21 14:07:20-06:00,2023-03-21 13:52:36-06:00,2023-03-21 14:07:10-06:00,13.63861874938011,min
HKWorkoutActivityTypeRunning,2023-03-21 15:01:27-06:00,2023-03-21 14:23:32-06:00,2023-03-21 15:00:59-06:00,15.70587875445684,min
HKWorkoutActivityTypeRunning,2023-03-22 05:07:29-06:00,2023-03-22 04:33:19-06:00,2023-03-22 05:01:20-06:00,27.88816179037094,min
HKWorkoutActivityTypeRunning,2023-03-22 13:24:21-06:00,2023-03-22 13:08:15-06:00,2023-03-22 13:24:17-06:00,13.91197291811307,min
HKWorkoutActivityTypeRunning,2023-03-22 13:52:38-06:00,2023-03-22 13:24:31-06:00,2023-03-22 13:52:26-06:00,21.03826291759809,min
HKWorkoutActivityTypeRunning,2023-03-23 14:24:27-06:00,2023-03-23 14:08:55-06:00,2023-03-23 14:24:13-06:00,14.65556084911029,min
HKWorkoutActivityTypeRunning,2023-03-23 15:37:33-06:00,2023-03-23 15:16:37-06:00,2023-03-23 15:37:06-06:00,19.65422281622887,min
HKWorkoutActivityTypeRunning,2023-03-24 14:43:55-06:00,2023-03-24 13:59:25-06:00,2023-03-24 14:43:14-06:00,34.86014553109805,min
HKWorkoutActivityTypeRunning,2023-03-30 07:37:16-06:00,2023-03-30 06:42:41-06:00,2023-03-30 07:28:23-06:00,34.71200296680133,min
HKWorkoutActivityTypeRunning,2023-04-01 09:29:45-06:00,2023-04-01 09:01:09-06:00,2023-04-01 09:29:24-06:00,25.72483189900716,min
HKWorkoutActivityTypeRunning,2023-04-01 09:59:16-06:00,2023-04-01 09:29:30-06:00,2023-04-01 09:39:00-06:00,7.325757910807927,min
HKWorkoutActivityTypeRunning,2023-04-03 14:22:14-06:00,2023-04-03 14:04:09-06:00,2023-04-03 14:19:52-06:00,15.07282168269157,min
HKWorkoutActivityTypeRunning,2023-04-03 15:09:10-06:00,2023-04-03 14:34:04-06:00,2023-04-03 15:09:04-06:00,19.85243013501167,min
HKWorkoutActivityTypeRunning,2023-04-04 14:47:07-06:00,2023-04-04 13:59:30-06:00,2023-04-04 14:36:36-06:00,31.7695961813132,min
HKWorkoutActivityTypeRunning,2023-04-05 14:10:52-06:00,2023-04-05 13:48:12-06:00,2023-04-05 14:07:49-06:00,19.57177606622378,min
HKWorkoutActivityTypeRunning,2023-04-05 14:29:43-06:00,2023-04-05 14:15:38-06:00,2023-04-05 14:27:25-06:00,11.78765436808268,min
HKWorkoutActivityTypeRunning,2023-04-05 14:55:45-06:00,2023-04-05 14:29:46-06:00,2023-04-05 14:53:00-06:00,22.04238478541374,min
HKWorkoutActivityTypeRunning,2023-04-06 14:56:33-06:00,2023-04-06 14:08:10-06:00,2023-04-06 14:55:48-06:00,40.48827661673228,min
HKWorkoutActivityTypeRunning,2023-04-07 15:29:13-06:00,2023-04-07 14:41:25-06:00,2023-04-07 15:06:59-06:00,25.00454079906146,min
HKWorkoutActivityTypeRunning,2023-04-08 10:09:32-06:00,2023-04-08 09:53:22-06:00,2023-04-08 10:00:48-06:00,7.445282799005509,min
HKWorkoutActivityTypeRunning,2023-04-10 14:49:52-06:00,2023-04-10 14:07:51-06:00,2023-04-10 14:33:19-06:00,25.23741393287976,min
HKWorkoutActivityTypeRunning,2023-04-11 15:52:52-06:00,2023-04-11 15:37:20-06:00,2023-04-11 15:47:20-06:00,10.0058912674586,min
HKWorkoutActivityTypeRunning,2023-04-12 13:04:44-06:00,2023-04-12 12:25:36-06:00,2023-04-12 13:04:30-06:00,37.95541085004807,min
HKWorkoutActivityTypeRunning,2023-04-13 15:03:48-06:00,2023-04-13 14:33:44-06:00,2023-04-13 15:01:37-06:00,26.73088253339132,min
HKWorkoutActivityTypeRunning,2023-04-14 15:07:29-06:00,2023-04-14 14:53:12-06:00,2023-04-14 15:03:01-06:00,8.98619251648585,min
HKWorkoutActivityTypeRunning,2023-04-14 16:53:18-06:00,2023-04-14 16:47:46-06:00,2023-04-14 16:52:39-06:00,4.874298250675201,min
HKWorkoutActivityTypeRunning,2023-04-15 08:34:33-06:00,2023-04-15 07:43:24-06:00,2023-04-15 08:34:10-06:00,49.7528499007225,min
HKWorkoutActivityTypeRunning,2023-04-17 15:03:44-06:00,2023-04-17 14:20:01-06:00,2023-04-17 14:47:41-06:00,26.68823331793149,min
HKWorkoutActivityTypeRunning,2023-04-18 15:22:32-06:00,2023-04-18 15:18:57-06:00,2023-04-18 15:22:30-06:00,3.542381383975347,min
HKWorkoutActivityTypeRunning,2023-04-19 14:47:28-06:00,2023-04-19 13:58:28-06:00,2023-04-19 14:39:31-06:00,36.74087588389715,min
HKWorkoutActivityTypeRunning,2023-04-20 14:44:34-06:00,2023-04-20 14:18:13-06:00,2023-04-20 14:33:38-06:00,14.70502109924952,min
HKWorkoutActivityTypeRunning,2023-04-21 14:17:43-06:00,2023-04-21 13:50:09-06:00,2023-04-21 14:17:23-06:00,26.70850059787432,min
HKWorkoutActivityTypeRunning,2023-04-24 14:45:36-06:00,2023-04-24 14:08:24-06:00,2023-04-24 14:45:23-06:00,34.5736997505029,min
HKWorkoutActivityTypeRunning,2023-04-25 15:13:47-06:00,2023-04-25 15:03:13-06:00,2023-04-25 15:13:37-06:00,10.314069100221,min
HKWorkoutActivityTypeRunning,2023-04-26 05:02:40-06:00,2023-04-26 04:35:37-06:00,2023-04-26 05:02:25-06:00,26.30778328378995,min
HKWorkoutActivityTypeRunning,2023-04-27 15:02:58-06:00,2023-04-27 13:56:23-06:00,2023-04-27 14:56:57-06:00,48.79028348326683,min
HKWorkoutActivityTypeRunning,2023-05-02 16:40:54-06:00,2023-05-02 16:27:38-06:00,2023-05-02 16:40:45-06:00,10.56833274960518,min
HKWorkoutActivityTypeRunning,2023-05-03 14:32:10-06:00,2023-05-03 13:57:04-06:00,2023-05-03 14:31:53-06:00,29.28747186462084,min
HKWorkoutActivityTypeRunning,2023-05-04 14:18:23-06:00,2023-05-04 13:54:27-06:00,2023-05-04 14:10:21-06:00,15.44315038323402,min
HKWorkoutActivityTypeRunning,2023-05-04 14:46:16-06:00,2023-05-04 14:24:15-06:00,2023-05-04 14:42:07-06:00,5.321514135599136,min
HKWorkoutActivityTypeRunning,2023-05-05 14:11:58-06:00,2023-05-05 13:44:32-06:00,2023-05-05 14:11:46-06:00,25.53265023231506,min
HKWorkoutActivityTypeRunning,2023-05-06 10:15:51-06:00,2023-05-06 09:58:39-06:00,2023-05-06 10:15:17-06:00,15.34700924952825,min
HKWorkoutActivityTypeRunning,2023-05-08 15:02:24-06:00,2023-05-08 14:16:17-06:00,2023-05-08 15:02:16-06:00,20.34087503751119,min
